id,ethnic_group
1,Non-Hispanic
2,Non-Hispanic
3,Non-Hispanic
4,Non-Hispanic
5,Non-Hispanic
6,Non-Hispanic
7,"All firms classifiable by gender, ethnicity, race, and veteran status"
8,"Publicly held and other firms not classifiable by gender, ethnicity, race, and veteran status"
9,All firms
10,All firms
11,All firms
12,All firms
13,All firms
14,Hispanic
15,Hispanic
16,Hispanic
17,Hispanic
18,Hispanic
19,Hispanic
20,Hispanic
21,Hispanic
22,Hispanic
23,Hispanic
24,"Mexican, Mexican American, Chicano"
25,"Mexican, Mexican American, Chicano"
26,"Mexican, Mexican American, Chicano"
27,"Mexican, Mexican American, Chicano"
28,Puerto Rican
29,Puerto Rican
30,Puerto Rican
31,Puerto Rican
32,Cuban
33,Cuban
34,Cuban
35,Cuban
36,"Other Hispanic, Latino, or Spanish"
37,"Other Hispanic, Latino, or Spanish"
38,"Other Hispanic, Latino, or Spanish"
39,"Other Hispanic, Latino, or Spanish"
40,Equally Hispanic/non-Hispanic
41,Equally Hispanic/non-Hispanic
42,Equally Hispanic/non-Hispanic
43,Equally Hispanic/non-Hispanic
44,Equally Hispanic/non-Hispanic
45,Equally Hispanic/non-Hispanic
46,Equally Hispanic/non-Hispanic
47,Equally Hispanic/non-Hispanic
48,Equally Hispanic/non-Hispanic
49,Equally Hispanic/non-Hispanic
50,Non-Hispanic
51,Non-Hispanic
52,Non-Hispanic
53,Non-Hispanic
54,Equally Hispanic/non-Hispanic
55,Equally Hispanic/non-Hispanic
56,Equally Hispanic/non-Hispanic
57,Equally Hispanic/non-Hispanic
58,Equally Hispanic/non-Hispanic
59,Equally Hispanic/non-Hispanic
60,Equally Hispanic/non-Hispanic
61,Equally Hispanic/non-Hispanic
62,Non-Hispanic
63,Non-Hispanic
64,Non-Hispanic
65,Non-Hispanic
66,Non-Hispanic
67,Non-Hispanic
68,Non-Hispanic
69,Non-Hispanic
70,Non-Hispanic
71,Non-Hispanic
72,"All firms classifiable by gender, ethnicity, race, and veteran status"
73,"Publicly held and other firms not classifiable by gender, ethnicity, race, and veteran status"
74,All firms
75,All firms
76,All firms
77,All firms
78,All firms
79,All firms
80,All firms
81,All firms
82,All firms
83,All firms
84,All firms
85,All firms
86,All firms
87,All firms
88,All firms
89,All firms
90,All firms
91,All firms
92,All firms
93,All firms
94,All firms
95,All firms
96,All firms
97,All firms
98,Hispanic
99,Hispanic
100,Hispanic
101,Hispanic
102,All firms
103,All firms
104,All firms
105,All firms
106,All firms
107,Hispanic
108,Hispanic
109,Hispanic
110,Hispanic
111,Hispanic
112,Hispanic
113,"Mexican, Mexican American, Chicano"
114,"Mexican, Mexican American, Chicano"
115,"Mexican, Mexican American, Chicano"
116,"Mexican, Mexican American, Chicano"
117,All firms
118,All firms
119,All firms
120,All firms
121,All firms
122,All firms
123,All firms
124,Puerto Rican
125,Puerto Rican
126,Puerto Rican
127,Puerto Rican
128,All firms
129,All firms
130,All firms
131,All firms
132,Cuban
133,Cuban
134,Cuban
135,Cuban
136,"Other Hispanic, Latino, or Spanish"
137,All firms
138,All firms
139,All firms
140,All firms
141,All firms
142,"Other Hispanic, Latino, or Spanish"
143,"Other Hispanic, Latino, or Spanish"
144,"Other Hispanic, Latino, or Spanish"
145,Equally Hispanic/non-Hispanic
146,Equally Hispanic/non-Hispanic
147,All firms
148,All firms
149,All firms
150,All firms
151,All firms
152,All firms
153,All firms
154,All firms
155,All firms
156,All firms
157,All firms
158,All firms
159,All firms
160,All firms
161,All firms
162,All firms
163,All firms
164,All firms
165,All firms
166,All firms
167,All firms
168,All firms
169,All firms
170,All firms
171,All firms
172,All firms
173,All firms
174,All firms
175,All firms
176,All firms
177,All firms
178,All firms
179,All firms
180,All firms
181,All firms
182,All firms
183,All firms
184,All firms
185,All firms
186,All firms
187,All firms
188,All firms
189,All firms
190,All firms
191,All firms
192,All firms
193,All firms
194,All firms
195,All firms
196,Hispanic
197,Hispanic
198,Hispanic
199,Hispanic
200,Hispanic
201,Hispanic
202,All firms
203,All firms
204,All firms
205,All firms
206,Hispanic
207,Hispanic
208,Hispanic
209,"Mexican, Mexican American, Chicano"
210,"Mexican, Mexican American, Chicano"
211,"Mexican, Mexican American, Chicano"
212,"Mexican, Mexican American, Chicano"
213,Puerto Rican
214,All firms
215,All firms
216,All firms
217,All firms
218,All firms
219,All firms
220,Puerto Rican
221,Puerto Rican
222,Puerto Rican
223,Cuban
224,Cuban
225,Cuban
226,Cuban
227,All firms
228,All firms
229,All firms
230,All firms
231,All firms
232,All firms
233,"Other Hispanic, Latino, or Spanish"
234,"Other Hispanic, Latino, or Spanish"
235,"Other Hispanic, Latino, or Spanish"
236,"Other Hispanic, Latino, or Spanish"
237,All firms
238,All firms
239,All firms
240,All firms
241,Equally Hispanic/non-Hispanic
242,Equally Hispanic/non-Hispanic
243,Equally Hispanic/non-Hispanic
244,Equally Hispanic/non-Hispanic
245,All firms
246,All firms
247,All firms
248,All firms
249,All firms
250,All firms
251,All firms
252,Equally Hispanic/non-Hispanic
253,Equally Hispanic/non-Hispanic
254,Equally Hispanic/non-Hispanic
255,Equally Hispanic/non-Hispanic
256,Equally Hispanic/non-Hispanic
257,Equally Hispanic/non-Hispanic
258,Non-Hispanic
259,Non-Hispanic
260,Non-Hispanic
261,Non-Hispanic
262,All firms
263,All firms
264,All firms
265,All firms
266,All firms
267,All firms
268,All firms
269,All firms
270,All firms
271,All firms
272,Non-Hispanic
273,Non-Hispanic
274,Non-Hispanic
275,Non-Hispanic
276,Non-Hispanic
277,Non-Hispanic
278,"All firms classifiable by gender, ethnicity, race, and veteran status"
279,All firms
280,All firms
281,All firms
282,All firms
283,All firms
284,"Publicly held and other firms not classifiable by gender, ethnicity, race, and veteran status"
285,All firms
286,All firms
287,All firms
288,All firms
289,All firms
290,All firms
291,All firms
292,All firms
293,All firms
294,All firms
295,All firms
296,All firms
297,All firms
298,All firms
299,All firms
300,All firms
301,All firms
302,All firms
303,All firms
304,All firms
305,All firms
306,All firms
307,All firms
308,All firms
309,All firms
310,All firms
311,All firms
312,All firms
313,All firms
314,All firms
315,All firms
316,All firms
317,All firms
318,All firms
319,All firms
320,Hispanic
321,All firms
322,All firms
323,All firms
324,All firms
325,All firms
326,All firms
327,All firms
328,All firms
329,All firms
330,All firms
331,Equally Hispanic/non-Hispanic
332,Equally Hispanic/non-Hispanic
333,Equally Hispanic/non-Hispanic
334,Equally Hispanic/non-Hispanic
335,Equally Hispanic/non-Hispanic
336,Equally Hispanic/non-Hispanic
337,Non-Hispanic
338,Non-Hispanic
339,Non-Hispanic
340,Non-Hispanic
341,All firms
342,All firms
343,All firms
344,All firms
345,All firms
346,All firms
347,Non-Hispanic
348,Non-Hispanic
349,Non-Hispanic
350,Non-Hispanic
351,Non-Hispanic
352,Non-Hispanic
353,"All firms classifiable by gender, ethnicity, race, and veteran status"
354,All firms
355,All firms
356,All firms
357,All firms
358,All firms
359,All firms
360,All firms
361,All firms
362,All firms
363,"Publicly held and other firms not classifiable by gender, ethnicity, race, and veteran status"
364,All firms
365,All firms
366,All firms
367,All firms
368,All firms
369,All firms
370,All firms
371,All firms
372,All firms
373,All firms
374,All firms
375,All firms
376,All firms
377,All firms
378,All firms
379,All firms
380,All firms
381,All firms
382,All firms
383,All firms
384,All firms
385,All firms
386,All firms
387,All firms
388,All firms
389,All firms
390,All firms
391,All firms
392,All firms
393,All firms
394,All firms
395,All firms
396,All firms
397,All firms
398,All firms
399,All firms
400,All firms
401,All firms
402,All firms
403,All firms
404,Hispanic
405,Hispanic
406,Hispanic
407,Hispanic
408,All firms
409,All firms
410,All firms
411,All firms
412,All firms
413,Hispanic
414,Hispanic
415,Hispanic
416,Hispanic
417,Hispanic
418,Hispanic
419,"Mexican, Mexican American, Chicano"
420,"Mexican, Mexican American, Chicano"
421,"Mexican, Mexican American, Chicano"
422,"Mexican, Mexican American, Chicano"
423,All firms
424,All firms
425,All firms
426,All firms
427,All firms
428,All firms
429,All firms
430,Puerto Rican
431,Puerto Rican
432,Puerto Rican
433,Puerto Rican
434,Cuban
435,Cuban
436,All firms
437,All firms
438,All firms
439,All firms
440,Cuban
441,Cuban
442,"Other Hispanic, Latino, or Spanish"
443,"Other Hispanic, Latino, or Spanish"
444,"Other Hispanic, Latino, or Spanish"
445,"Other Hispanic, Latino, or Spanish"
446,All firms
447,All firms
448,All firms
449,All firms
450,All firms
451,All firms
452,Equally Hispanic/non-Hispanic
453,Equally Hispanic/non-Hispanic
454,Equally Hispanic/non-Hispanic
455,Equally Hispanic/non-Hispanic
456,All firms
457,All firms
458,All firms
459,All firms
460,All firms
461,All firms
462,All firms
463,All firms
464,All firms
465,All firms
466,All firms
467,All firms
468,All firms
469,All firms
470,All firms
471,All firms
472,All firms
473,All firms
474,All firms
475,All firms
476,All firms
477,All firms
478,All firms
479,All firms
480,All firms
481,All firms
482,All firms
483,All firms
484,All firms
485,All firms
486,Equally Hispanic/non-Hispanic
487,Equally Hispanic/non-Hispanic
488,Equally Hispanic/non-Hispanic
489,Equally Hispanic/non-Hispanic
490,All firms
491,All firms
492,All firms
493,Equally Hispanic/non-Hispanic
494,Equally Hispanic/non-Hispanic
495,Equally Hispanic/non-Hispanic
496,Equally Hispanic/non-Hispanic
497,Equally Hispanic/non-Hispanic
498,Equally Hispanic/non-Hispanic
499,Non-Hispanic
500,Non-Hispanic
501,Non-Hispanic
502,Non-Hispanic
503,All firms
504,All firms
505,All firms
506,All firms
507,All firms
508,Hispanic
509,Hispanic
510,Hispanic
511,Hispanic
512,Non-Hispanic
513,Non-Hispanic
514,Non-Hispanic
515,Non-Hispanic
516,Non-Hispanic
517,Non-Hispanic
518,"All firms classifiable by gender, ethnicity, race, and veteran status"
519,Hispanic
520,Hispanic
521,Hispanic
522,Hispanic
523,Hispanic
524,Hispanic
525,"Mexican, Mexican American, Chicano"
526,"Publicly held and other firms not classifiable by gender, ethnicity, race, and veteran status"
527,"Mexican, Mexican American, Chicano"
528,"Mexican, Mexican American, Chicano"
529,"Mexican, Mexican American, Chicano"
530,Puerto Rican
531,Puerto Rican
532,Puerto Rican
533,Puerto Rican
534,Cuban
535,Cuban
536,Cuban
537,Cuban
538,"Other Hispanic, Latino, or Spanish"
539,"Other Hispanic, Latino, or Spanish"
540,"Other Hispanic, Latino, or Spanish"
541,"Other Hispanic, Latino, or Spanish"
542,All firms
543,All firms
544,All firms
545,All firms
546,All firms
547,All firms
548,All firms
549,All firms
550,All firms
551,All firms
552,All firms
553,All firms
554,All firms
555,All firms
556,All firms
557,All firms
558,All firms
559,All firms
560,All firms
561,All firms
562,All firms
563,All firms
564,All firms
565,All firms
566,All firms
567,All firms
568,All firms
569,All firms
570,All firms
571,All firms
572,All firms
573,All firms
574,All firms
575,All firms
576,All firms
577,All firms
578,All firms
579,All firms
580,All firms
581,All firms
582,All firms
583,All firms
584,All firms
585,All firms
586,All firms
587,All firms
588,All firms
589,All firms
590,All firms
591,All firms
592,All firms
593,All firms
594,All firms
595,All firms
596,All firms
597,All firms
598,All firms
599,All firms
600,All firms
601,All firms
602,All firms
603,All firms
604,All firms
605,All firms
606,All firms
607,All firms
608,All firms
609,All firms
610,All firms
611,All firms
612,All firms
613,All firms
614,All firms
615,All firms
616,All firms
617,All firms
618,All firms
619,All firms
620,All firms
621,All firms
622,All firms
623,All firms
624,All firms
625,All firms
626,All firms
627,All firms
628,All firms
629,All firms
630,All firms
631,All firms
632,All firms
633,All firms
634,All firms
635,All firms
636,All firms
637,All firms
638,All firms
639,All firms
640,All firms
641,All firms
642,All firms
643,All firms
644,All firms
645,All firms
646,All firms
647,All firms
648,All firms
649,All firms
650,All firms
651,All firms
652,All firms
653,All firms
654,All firms
655,All firms
656,All firms
657,All firms
658,All firms
659,All firms
660,All firms
661,All firms
662,All firms
663,All firms
664,All firms
665,All firms
666,All firms
667,All firms
668,All firms
669,All firms
670,All firms
671,All firms
672,All firms
673,All firms
674,All firms
675,All firms
676,All firms
677,All firms
678,All firms
679,All firms
680,All firms
681,All firms
682,All firms
683,All firms
684,All firms
685,All firms
686,All firms
687,All firms
688,All firms
689,All firms
690,All firms
691,All firms
692,All firms
693,All firms
694,Hispanic
695,Hispanic
696,Hispanic
697,Hispanic
698,Hispanic
699,Hispanic
700,Hispanic
701,Hispanic
702,Hispanic
703,Hispanic
704,"Mexican, Mexican American, Chicano"
705,"Mexican, Mexican American, Chicano"
706,"Mexican, Mexican American, Chicano"
707,"Mexican, Mexican American, Chicano"
708,Puerto Rican
709,Puerto Rican
710,Puerto Rican
711,Puerto Rican
712,Cuban
713,Cuban
714,Cuban
715,Cuban
716,"Other Hispanic, Latino, or Spanish"
717,"Other Hispanic, Latino, or Spanish"
718,"Other Hispanic, Latino, or Spanish"
719,"Other Hispanic, Latino, or Spanish"
720,Equally Hispanic/non-Hispanic
721,All firms
722,All firms
723,All firms
724,All firms
725,All firms
726,All firms
727,All firms
728,All firms
729,Equally Hispanic/non-Hispanic
730,Equally Hispanic/non-Hispanic
731,Equally Hispanic/non-Hispanic
732,Equally Hispanic/non-Hispanic
733,Equally Hispanic/non-Hispanic
734,Equally Hispanic/non-Hispanic
735,Equally Hispanic/non-Hispanic
736,All firms
737,All firms
738,All firms
739,All firms
740,Equally Hispanic/non-Hispanic
741,Equally Hispanic/non-Hispanic
742,Non-Hispanic
743,Non-Hispanic
744,Non-Hispanic
745,Non-Hispanic
746,Non-Hispanic
747,All firms
748,All firms
749,All firms
750,All firms
751,All firms
752,All firms
753,All firms
754,Non-Hispanic
755,Non-Hispanic
756,Non-Hispanic
757,Non-Hispanic
758,Non-Hispanic
759,"All firms classifiable by gender, ethnicity, race, and veteran status"
760,"Publicly held and other firms not classifiable by gender, ethnicity, race, and veteran status"
761,All firms
762,All firms
763,All firms
764,All firms
765,All firms
766,All firms
767,All firms
768,All firms
769,All firms
770,All firms
771,All firms
772,All firms
773,All firms
774,All firms
775,All firms
776,All firms
777,All firms
778,All firms
779,All firms
780,All firms
781,All firms
782,All firms
783,All firms
784,All firms
785,All firms
786,Hispanic
787,Hispanic
788,Hispanic
789,Hispanic
790,Hispanic
791,Hispanic
792,Hispanic
793,Hispanic
794,Hispanic
795,Hispanic
796,"Mexican, Mexican American, Chicano"
797,"Mexican, Mexican American, Chicano"
798,"Mexican, Mexican American, Chicano"
799,"Mexican, Mexican American, Chicano"
800,Puerto Rican
801,Puerto Rican
802,Puerto Rican
803,Puerto Rican
804,Cuban
805,Cuban
806,Cuban
807,Cuban
808,"Other Hispanic, Latino, or Spanish"
809,"Other Hispanic, Latino, or Spanish"
810,"Other Hispanic, Latino, or Spanish"
811,"Other Hispanic, Latino, or Spanish"
812,Equally Hispanic/non-Hispanic
813,Equally Hispanic/non-Hispanic
814,Equally Hispanic/non-Hispanic
815,Equally Hispanic/non-Hispanic
816,Equally Hispanic/non-Hispanic
817,Equally Hispanic/non-Hispanic
818,Equally Hispanic/non-Hispanic
819,Equally Hispanic/non-Hispanic
820,Equally Hispanic/non-Hispanic
821,Equally Hispanic/non-Hispanic
822,Non-Hispanic
823,Non-Hispanic
824,Non-Hispanic
825,Non-Hispanic
826,Non-Hispanic
827,Non-Hispanic
828,Non-Hispanic
829,Non-Hispanic
830,Non-Hispanic
831,Non-Hispanic
832,"All firms classifiable by gender, ethnicity, race, and veteran status"
833,"Publicly held and other firms not classifiable by gender, ethnicity, race, and veteran status"
834,All firms
835,All firms
836,All firms
837,All firms
838,All firms
839,All firms
840,All firms
841,All firms
842,All firms
843,All firms
844,All firms
845,All firms
846,All firms
847,All firms
848,All firms
849,All firms
850,All firms
851,All firms
852,All firms
853,All firms
854,All firms
855,All firms
856,All firms
857,All firms
858,All firms
859,All firms
860,All firms
861,All firms
862,All firms
863,All firms
864,All firms
865,All firms
866,All firms
867,All firms
868,All firms
869,All firms
870,"Mexican, Mexican American, Chicano"
871,"Mexican, Mexican American, Chicano"
872,"Mexican, Mexican American, Chicano"
873,"Mexican, Mexican American, Chicano"
874,Puerto Rican
875,Puerto Rican
876,Puerto Rican
877,Puerto Rican
878,All firms
879,All firms
880,All firms
881,All firms
882,All firms
883,All firms
884,All firms
885,All firms
886,Cuban
887,Cuban
888,Cuban
889,Cuban
890,All firms
891,All firms
892,All firms
893,All firms
894,"Other Hispanic, Latino, or Spanish"
895,"Other Hispanic, Latino, or Spanish"
896,"Other Hispanic, Latino, or Spanish"
897,"Other Hispanic, Latino, or Spanish"
898,Equally Hispanic/non-Hispanic
899,All firms
900,All firms
901,All firms
902,All firms
903,All firms
904,All firms
905,Equally Hispanic/non-Hispanic
906,Equally Hispanic/non-Hispanic
907,Equally Hispanic/non-Hispanic
908,Equally Hispanic/non-Hispanic
909,Equally Hispanic/non-Hispanic
910,Equally Hispanic/non-Hispanic
911,All firms
912,All firms
913,All firms
914,All firms
915,All firms
916,All firms
917,All firms
918,All firms
919,All firms
920,All firms
921,All firms
922,All firms
923,All firms
924,All firms
925,Non-Hispanic
926,Non-Hispanic
927,Non-Hispanic
928,Non-Hispanic
929,Non-Hispanic
930,Non-Hispanic
931,"All firms classifiable by gender, ethnicity, race, and veteran status"
932,All firms
933,All firms
934,All firms
935,All firms
936,All firms
937,All firms
938,All firms
939,All firms
940,All firms
941,All firms
942,All firms
943,All firms
944,All firms
945,All firms
946,Equally Hispanic/non-Hispanic
947,Equally Hispanic/non-Hispanic
948,Equally Hispanic/non-Hispanic
949,Non-Hispanic
950,Non-Hispanic
951,Non-Hispanic
952,Non-Hispanic
953,All firms
954,All firms
955,All firms
956,All firms
957,"Publicly held and other firms not classifiable by gender, ethnicity, race, and veteran status"
958,All firms
959,All firms
960,All firms
961,All firms
962,All firms
963,All firms
964,All firms
965,All firms
966,All firms
967,All firms
968,All firms
969,All firms
970,All firms
971,All firms
972,All firms
973,All firms
974,All firms
975,All firms
976,All firms
977,All firms
978,All firms
979,All firms
980,All firms
981,All firms
982,All firms
983,All firms
984,All firms
985,All firms
986,All firms
987,All firms
988,All firms
989,All firms
990,All firms
991,All firms
992,Hispanic
993,All firms
994,All firms
995,All firms
996,All firms
997,Hispanic
998,Hispanic
999,Hispanic
1000,Hispanic
1001,Hispanic
1002,Hispanic
1003,Hispanic
1004,Hispanic
1005,Hispanic
1006,All firms
1007,All firms
1008,All firms
1009,All firms
1010,All firms
1011,All firms
1012,All firms
1013,All firms
1014,All firms
1015,All firms
1016,Equally Hispanic/non-Hispanic
1017,Equally Hispanic/non-Hispanic
1018,Equally Hispanic/non-Hispanic
1019,Equally Hispanic/non-Hispanic
1020,Equally Hispanic/non-Hispanic
1021,Equally Hispanic/non-Hispanic
1022,Non-Hispanic
1023,Non-Hispanic
1024,Non-Hispanic
1025,Non-Hispanic
1026,All firms
1027,All firms
1028,All firms
1029,All firms
1030,All firms
1031,Non-Hispanic
1032,Non-Hispanic
1033,Non-Hispanic
1034,Non-Hispanic
1035,Non-Hispanic
1036,Non-Hispanic
1037,"All firms classifiable by gender, ethnicity, race, and veteran status"
1038,All firms
1039,"Publicly held and other firms not classifiable by gender, ethnicity, race, and veteran status"
1040,All firms
1041,All firms
1042,All firms
1043,All firms
1044,All firms
1045,All firms
1046,All firms
1047,All firms
1048,All firms
1049,All firms
1050,All firms
1051,All firms
1052,All firms
1053,All firms
1054,All firms
1055,All firms
1056,All firms
1057,All firms
1058,All firms
1059,All firms
1060,All firms
1061,All firms
1062,All firms
1063,All firms
1064,All firms
1065,All firms
1066,All firms
1067,All firms
1068,All firms
1069,All firms
1070,All firms
1071,All firms
1072,All firms
1073,All firms
1074,All firms
1075,All firms
1076,All firms
1077,All firms
1078,All firms
1079,All firms
1080,All firms
1081,All firms
1082,All firms
1083,All firms
1084,All firms
1085,All firms
1086,All firms
1087,All firms
1088,Hispanic
1089,Hispanic
1090,Hispanic
1091,Hispanic
1092,All firms
1093,All firms
1094,All firms
1095,All firms
1096,All firms
1097,All firms
1098,Hispanic
1099,Hispanic
1100,Hispanic
1101,Hispanic
1102,Hispanic
1103,Hispanic
1104,"Mexican, Mexican American, Chicano"
1105,"Mexican, Mexican American, Chicano"
1106,"Mexican, Mexican American, Chicano"
1107,"Mexican, Mexican American, Chicano"
1108,All firms
1109,All firms
1110,All firms
1111,All firms
1112,All firms
1113,All firms
1114,All firms
1115,All firms
1116,Puerto Rican
1117,Puerto Rican
1118,Puerto Rican
1119,Puerto Rican
1120,Cuban
1121,Cuban
1122,Cuban
1123,Cuban
1124,All firms
1125,All firms
1126,All firms
1127,All firms
1128,All firms
1129,All firms
1130,All firms
1131,All firms
1132,"Other Hispanic, Latino, or Spanish"
1133,"Other Hispanic, Latino, or Spanish"
1134,"Other Hispanic, Latino, or Spanish"
1135,"Other Hispanic, Latino, or Spanish"
1136,All firms
1137,All firms
1138,All firms
1139,All firms
1140,Equally Hispanic/non-Hispanic
1141,Equally Hispanic/non-Hispanic
1142,Equally Hispanic/non-Hispanic
1143,Equally Hispanic/non-Hispanic
1144,All firms
1145,All firms
1146,All firms
1147,All firms
1148,"Mexican, Mexican American, Chicano"
1149,"Mexican, Mexican American, Chicano"
1150,Puerto Rican
1151,Puerto Rican
1152,Puerto Rican
1153,Puerto Rican
1154,All firms
1155,All firms
1156,All firms
1157,All firms
1158,Cuban
1159,Cuban
1160,Cuban
1161,Cuban
1162,All firms
1163,All firms
1164,All firms
1165,All firms
1166,All firms
1167,All firms
1168,All firms
1169,All firms
1170,All firms
1171,All firms
1172,All firms
1173,All firms
1174,All firms
1175,All firms
1176,All firms
1177,All firms
1178,All firms
1179,All firms
1180,All firms
1181,All firms
1182,All firms
1183,All firms
1184,All firms
1185,All firms
1186,All firms
1187,All firms
1188,All firms
1189,All firms
1190,All firms
1191,All firms
1192,All firms
1193,All firms
1194,All firms
1195,All firms
1196,All firms
1197,All firms
1198,All firms
1199,All firms
1200,All firms
1201,All firms
1202,All firms
1203,All firms
1204,All firms
1205,All firms
1206,"Other Hispanic, Latino, or Spanish"
1207,"Other Hispanic, Latino, or Spanish"
1208,"Other Hispanic, Latino, or Spanish"
1209,"Other Hispanic, Latino, or Spanish"
1210,Equally Hispanic/non-Hispanic
1211,All firms
1212,All firms
1213,All firms
1214,All firms
1215,Equally Hispanic/non-Hispanic
1216,Equally Hispanic/non-Hispanic
1217,Equally Hispanic/non-Hispanic
1218,Equally Hispanic/non-Hispanic
1219,Equally Hispanic/non-Hispanic
1220,All firms
1221,All firms
1222,All firms
1223,All firms
1224,Equally Hispanic/non-Hispanic
1225,Equally Hispanic/non-Hispanic
1226,Equally Hispanic/non-Hispanic
1227,Equally Hispanic/non-Hispanic
1228,Non-Hispanic
1229,Non-Hispanic
1230,Non-Hispanic
1231,Non-Hispanic
1232,All firms
1233,All firms
1234,All firms
1235,All firms
1236,Non-Hispanic
1237,Non-Hispanic
1238,Non-Hispanic
1239,Non-Hispanic
1240,Non-Hispanic
1241,Non-Hispanic
1242,"All firms classifiable by gender, ethnicity, race, and veteran status"
1243,All firms
1244,All firms
1245,All firms
1246,All firms
1247,All firms
1248,All firms
1249,All firms
1250,All firms
1251,"Publicly held and other firms not classifiable by gender, ethnicity, race, and veteran status"
1252,All firms
1253,All firms
1254,All firms
1255,All firms
1256,All firms
1257,All firms
1258,All firms
1259,All firms
1260,All firms
1261,All firms
1262,Hispanic
1263,Hispanic
1264,Hispanic
1265,Hispanic
1266,All firms
1267,All firms
1268,All firms
1269,All firms
1270,Hispanic
1271,Hispanic
1272,Hispanic
1273,Hispanic
1274,Hispanic
1275,Hispanic
1276,"Mexican, Mexican American, Chicano"
1277,"Mexican, Mexican American, Chicano"
1278,All firms
1279,All firms
1280,All firms
1281,All firms
1282,All firms
1283,All firms
1284,All firms
1285,All firms
1286,All firms
1287,Hispanic
1288,Hispanic
1289,Hispanic
1290,Hispanic
1291,Hispanic
1292,All firms
1293,All firms
1294,All firms
1295,All firms
1296,Hispanic
1297,Hispanic
1298,Hispanic
1299,Hispanic
1300,Hispanic
1301,"Mexican, Mexican American, Chicano"
1302,"Mexican, Mexican American, Chicano"
1303,"Mexican, Mexican American, Chicano"
1304,"Mexican, Mexican American, Chicano"
1305,All firms
1306,All firms
1307,All firms
1308,All firms
1309,Puerto Rican
1310,Puerto Rican
1311,Puerto Rican
1312,Puerto Rican
1313,Cuban
1314,Cuban
1315,Cuban
1316,Cuban
1317,All firms
1318,All firms
1319,All firms
1320,All firms
1321,All firms
1322,All firms
1323,All firms
1324,All firms
1325,"Other Hispanic, Latino, or Spanish"
1326,"Other Hispanic, Latino, or Spanish"
1327,"Other Hispanic, Latino, or Spanish"
1328,"Other Hispanic, Latino, or Spanish"
1329,All firms
1330,All firms
1331,All firms
1332,All firms
1333,Equally Hispanic/non-Hispanic
1334,Equally Hispanic/non-Hispanic
1335,Equally Hispanic/non-Hispanic
1336,Equally Hispanic/non-Hispanic
1337,All firms
1338,All firms
1339,All firms
1340,All firms
1341,All firms
1342,All firms
1343,All firms
1344,All firms
1345,Equally Hispanic/non-Hispanic
1346,Equally Hispanic/non-Hispanic
1347,Equally Hispanic/non-Hispanic
1348,Equally Hispanic/non-Hispanic
1349,Equally Hispanic/non-Hispanic
1350,Equally Hispanic/non-Hispanic
1351,Non-Hispanic
1352,Non-Hispanic
1353,Non-Hispanic
1354,Non-Hispanic
1355,All firms
1356,All firms
1357,All firms
1358,All firms
1359,Non-Hispanic
1360,Non-Hispanic
1361,Non-Hispanic
1362,Non-Hispanic
1363,Non-Hispanic
1364,Non-Hispanic
1365,"All firms classifiable by gender, ethnicity, race, and veteran status"
1366,All firms
1367,All firms
1368,All firms
1369,All firms
1370,All firms
1371,"Publicly held and other firms not classifiable by gender, ethnicity, race, and veteran status"
1372,All firms
1373,All firms
1374,All firms
1375,All firms
1376,All firms
1377,All firms
1378,All firms
1379,All firms
1380,All firms
1381,All firms
1382,All firms
1383,All firms
1384,All firms
1385,All firms
1386,All firms
1387,All firms
1388,All firms
1389,All firms
1390,All firms
1391,All firms
1392,All firms
1393,All firms
1394,All firms
1395,All firms
1396,All firms
1397,All firms
1398,All firms
1399,All firms
1400,All firms
1401,All firms
1402,All firms
1403,All firms
1404,All firms
1405,All firms
1406,All firms
1407,All firms
1408,All firms
1409,All firms
1410,All firms
1411,All firms
1412,All firms
1413,All firms
1414,All firms
1415,All firms
1416,All firms
1417,All firms
1418,All firms
1419,"Publicly held and other firms not classifiable by gender, ethnicity, race, and veteran status"
1420,All firms
1421,All firms
1422,All firms
1423,All firms
1424,All firms
1425,All firms
1426,All firms
1427,All firms
1428,All firms
1429,All firms
1430,All firms
1431,All firms
1432,All firms
1433,All firms
1434,All firms
1435,All firms
1436,All firms
1437,All firms
1438,All firms
1439,All firms
1440,All firms
1441,All firms
1442,All firms
1443,All firms
1444,All firms
1445,All firms
1446,All firms
1447,All firms
1448,All firms
1449,All firms
1450,All firms
1451,All firms
1452,Hispanic
1453,Hispanic
1454,All firms
1455,All firms
1456,All firms
1457,All firms
1458,Hispanic
1459,Hispanic
1460,Hispanic
1461,Hispanic
1462,Hispanic
1463,Hispanic
1464,Hispanic
1465,Hispanic
1466,"Mexican, Mexican American, Chicano"
1467,All firms
1468,All firms
1469,All firms
1470,All firms
1471,All firms
1472,All firms
1473,"Mexican, Mexican American, Chicano"
1474,"Mexican, Mexican American, Chicano"
1475,"Mexican, Mexican American, Chicano"
1476,Puerto Rican
1477,Puerto Rican
1478,Puerto Rican
1479,Puerto Rican
1480,All firms
1481,All firms
1482,All firms
1483,All firms
1484,All firms
1485,All firms
1486,Cuban
1487,Cuban
1488,Cuban
1489,Cuban
1490,All firms
1491,All firms
1492,All firms
1493,All firms
1494,"Other Hispanic, Latino, or Spanish"
1495,"Other Hispanic, Latino, or Spanish"
1496,"Other Hispanic, Latino, or Spanish"
1497,"Other Hispanic, Latino, or Spanish"
1498,Equally Hispanic/non-Hispanic
1499,All firms
1500,All firms
1501,All firms
1502,All firms
1503,All firms
1504,All firms
1505,All firms
1506,All firms
1507,Equally Hispanic/non-Hispanic
1508,Equally Hispanic/non-Hispanic
1509,Equally Hispanic/non-Hispanic
1510,Equally Hispanic/non-Hispanic
1511,Equally Hispanic/non-Hispanic
1512,All firms
1513,All firms
1514,All firms
1515,All firms
1516,Equally Hispanic/non-Hispanic
1517,Equally Hispanic/non-Hispanic
1518,Equally Hispanic/non-Hispanic
1519,Equally Hispanic/non-Hispanic
1520,Non-Hispanic
1521,Non-Hispanic
1522,Non-Hispanic
1523,Non-Hispanic
1524,All firms
1525,All firms
1526,All firms
1527,All firms
1528,All firms
1529,Non-Hispanic
1530,Non-Hispanic
1531,Non-Hispanic
1532,Non-Hispanic
1533,Non-Hispanic
1534,Non-Hispanic
1535,"All firms classifiable by gender, ethnicity, race, and veteran status"
1536,All firms
1537,All firms
1538,All firms
1539,All firms
1540,All firms
1541,All firms
1542,All firms
1543,All firms
1544,All firms
1545,All firms
1546,All firms
1547,All firms
1548,All firms
1549,All firms
1550,Hispanic
1551,Hispanic
1552,Hispanic
1553,Hispanic
1554,"Mexican, Mexican American, Chicano"
1555,"Mexican, Mexican American, Chicano"
1556,"Mexican, Mexican American, Chicano"
1557,"Mexican, Mexican American, Chicano"
1558,Puerto Rican
1559,Puerto Rican
1560,Puerto Rican
1561,Puerto Rican
1562,Cuban
1563,Cuban
1564,Cuban
1565,Cuban
1566,"Other Hispanic, Latino, or Spanish"
1567,"Other Hispanic, Latino, or Spanish"
1568,"Other Hispanic, Latino, or Spanish"
1569,"Other Hispanic, Latino, or Spanish"
1570,Equally Hispanic/non-Hispanic
1571,Equally Hispanic/non-Hispanic
1572,Equally Hispanic/non-Hispanic
1573,Equally Hispanic/non-Hispanic
1574,Equally Hispanic/non-Hispanic
1575,Equally Hispanic/non-Hispanic
1576,Equally Hispanic/non-Hispanic
1577,Equally Hispanic/non-Hispanic
1578,Equally Hispanic/non-Hispanic
1579,Equally Hispanic/non-Hispanic
1580,Non-Hispanic
1581,Non-Hispanic
1582,Non-Hispanic
1583,Non-Hispanic
1584,Non-Hispanic
1585,Non-Hispanic
1586,Non-Hispanic
1587,Non-Hispanic
1588,Non-Hispanic
1589,Non-Hispanic
1590,"All firms classifiable by gender, ethnicity, race, and veteran status"
1591,"Publicly held and other firms not classifiable by gender, ethnicity, race, and veteran status"
1592,All firms
1593,All firms
1594,All firms
1595,All firms
1596,All firms
1597,All firms
1598,All firms
1599,All firms
1600,All firms
1601,All firms
1602,All firms
1603,All firms
1604,All firms
1605,All firms
1606,All firms
1607,All firms
1608,All firms
1609,All firms
1610,All firms
1611,All firms
1612,All firms
1613,All firms
1614,All firms
1615,All firms
1616,All firms
1617,All firms
1618,Hispanic
1619,Hispanic
1620,Hispanic
1621,Hispanic
1622,Hispanic
1623,Hispanic
1624,All firms
1625,All firms
1626,All firms
1627,All firms
1628,All firms
1629,All firms
1630,All firms
1631,All firms
1632,All firms
1633,All firms
1634,All firms
1635,All firms
1636,All firms
1637,All firms
1638,All firms
1639,All firms
1640,All firms
1641,All firms
1642,All firms
1643,All firms
1644,All firms
1645,All firms
1646,All firms
1647,All firms
1648,All firms
1649,All firms
1650,All firms
1651,All firms
1652,All firms
1653,All firms
1654,All firms
1655,All firms
1656,All firms
1657,All firms
1658,All firms
1659,All firms
1660,All firms
1661,All firms
1662,All firms
1663,All firms
1664,All firms
1665,All firms
1666,All firms
1667,All firms
1668,All firms
1669,All firms
1670,All firms
1671,All firms
1672,All firms
1673,All firms
1674,All firms
1675,All firms
1676,All firms
1677,All firms
1678,All firms
1679,All firms
1680,All firms
1681,All firms
1682,All firms
1683,All firms
1684,All firms
1685,All firms
1686,Hispanic
1687,Hispanic
1688,Hispanic
1689,Hispanic
1690,Hispanic
1691,Hispanic
1692,Hispanic
1693,All firms
1694,All firms
1695,All firms
1696,All firms
1697,Hispanic
1698,Hispanic
1699,Hispanic
1700,"Mexican, Mexican American, Chicano"
1701,"Mexican, Mexican American, Chicano"
1702,"Mexican, Mexican American, Chicano"
1703,"Mexican, Mexican American, Chicano"
1704,Puerto Rican
1705,Puerto Rican
1706,Puerto Rican
1707,All firms
1708,All firms
1709,All firms
1710,All firms
1711,All firms
1712,All firms
1713,All firms
1714,All firms
1715,All firms
1716,All firms
1717,All firms
1718,All firms
1719,All firms
1720,All firms
1721,All firms
1722,All firms
1723,All firms
1724,All firms
1725,All firms
1726,All firms
1727,All firms
1728,All firms
1729,All firms
1730,All firms
1731,All firms
1732,All firms
1733,All firms
1734,All firms
1735,All firms
1736,All firms
1737,All firms
1738,All firms
1739,All firms
1740,All firms
1741,All firms
1742,All firms
1743,All firms
1744,All firms
1745,All firms
1746,All firms
1747,All firms
1748,All firms
1749,All firms
1750,All firms
1751,All firms
1752,Puerto Rican
1753,Cuban
1754,Cuban
1755,Cuban
1756,Cuban
1757,All firms
1758,All firms
1759,All firms
1760,All firms
1761,All firms
1762,All firms
1763,All firms
1764,All firms
1765,All firms
1766,"Other Hispanic, Latino, or Spanish"
1767,"Other Hispanic, Latino, or Spanish"
1768,"Other Hispanic, Latino, or Spanish"
1769,"Other Hispanic, Latino, or Spanish"
1770,Equally Hispanic/non-Hispanic
1771,All firms
1772,All firms
1773,All firms
1774,All firms
1775,All firms
1776,All firms
1777,All firms
1778,All firms
1779,Equally Hispanic/non-Hispanic
1780,Equally Hispanic/non-Hispanic
1781,Equally Hispanic/non-Hispanic
1782,Equally Hispanic/non-Hispanic
1783,Equally Hispanic/non-Hispanic
1784,Equally Hispanic/non-Hispanic
1785,Equally Hispanic/non-Hispanic
1786,All firms
1787,All firms
1788,All firms
1789,All firms
1790,Equally Hispanic/non-Hispanic
1791,Equally Hispanic/non-Hispanic
1792,Non-Hispanic
1793,Non-Hispanic
1794,Non-Hispanic
1795,Non-Hispanic
1796,Non-Hispanic
1797,All firms
1798,All firms
1799,All firms
1800,All firms
1801,Non-Hispanic
1802,Non-Hispanic
1803,Non-Hispanic
1804,Non-Hispanic
1805,Non-Hispanic
1806,"All firms classifiable by gender, ethnicity, race, and veteran status"
1807,"Publicly held and other firms not classifiable by gender, ethnicity, race, and veteran status"
1808,All firms
1809,All firms
1810,All firms
1811,All firms
1812,All firms
1813,All firms
1814,All firms
1815,All firms
1816,All firms
1817,All firms
1818,All firms
1819,All firms
1820,All firms
1821,All firms
1822,All firms
1823,All firms
1824,All firms
1825,All firms
1826,All firms
1827,All firms
1828,All firms
1829,All firms
1830,All firms
1831,All firms
1832,All firms
1833,All firms
1834,All firms
1835,All firms
1836,All firms
1837,All firms
1838,All firms
1839,All firms
1840,All firms
1841,All firms
1842,All firms
1843,All firms
1844,All firms
1845,All firms
1846,All firms
1847,All firms
1848,Hispanic
1849,Hispanic
1850,Hispanic
1851,Hispanic
1852,All firms
1853,All firms
1854,All firms
1855,All firms
1856,All firms
1857,Hispanic
1858,Hispanic
1859,Hispanic
1860,Hispanic
1861,Hispanic
1862,Hispanic
1863,"Mexican, Mexican American, Chicano"
1864,"Mexican, Mexican American, Chicano"
1865,"Mexican, Mexican American, Chicano"
1866,"Mexican, Mexican American, Chicano"
1867,All firms
1868,All firms
1869,All firms
1870,All firms
1871,All firms
1872,All firms
1873,Puerto Rican
1874,Puerto Rican
1875,Puerto Rican
1876,Puerto Rican
1877,All firms
1878,All firms
1879,All firms
1880,All firms
1881,All firms
1882,Cuban
1883,Cuban
1884,Cuban
1885,Cuban
1886,"Other Hispanic, Latino, or Spanish"
1887,"Other Hispanic, Latino, or Spanish"
1888,"Other Hispanic, Latino, or Spanish"
1889,"Other Hispanic, Latino, or Spanish"
1890,All firms
1891,All firms
1892,All firms
1893,All firms
1894,All firms
1895,All firms
1896,All firms
1897,Equally Hispanic/non-Hispanic
1898,Equally Hispanic/non-Hispanic
1899,Equally Hispanic/non-Hispanic
1900,Equally Hispanic/non-Hispanic
1901,All firms
1902,All firms
1903,All firms
1904,All firms
1905,All firms
1906,Equally Hispanic/non-Hispanic
1907,Equally Hispanic/non-Hispanic
1908,Equally Hispanic/non-Hispanic
1909,Equally Hispanic/non-Hispanic
1910,Equally Hispanic/non-Hispanic
1911,Equally Hispanic/non-Hispanic
1912,Non-Hispanic
1913,Non-Hispanic
1914,Non-Hispanic
1915,All firms
1916,All firms
1917,All firms
1918,All firms
1919,All firms
1920,All firms
1921,All firms
1922,Non-Hispanic
1923,Non-Hispanic
1924,Non-Hispanic
1925,Non-Hispanic
1926,Non-Hispanic
1927,Non-Hispanic
1928,Non-Hispanic
1929,"All firms classifiable by gender, ethnicity, race, and veteran status"
1930,All firms
1931,All firms
1932,All firms
1933,All firms
1934,"Publicly held and other firms not classifiable by gender, ethnicity, race, and veteran status"
1935,All firms
1936,All firms
1937,All firms
1938,All firms
1939,All firms
1940,All firms
1941,All firms
1942,All firms
1943,All firms
1944,All firms
1945,All firms
1946,All firms
1947,All firms
1948,All firms
1949,All firms
1950,All firms
1951,All firms
1952,All firms
1953,All firms
1954,All firms
1955,All firms
1956,All firms
1957,All firms
1958,Non-Hispanic
1959,Non-Hispanic
1960,Non-Hispanic
1961,Non-Hispanic
1962,Non-Hispanic
1963,Non-Hispanic
1964,"All firms classifiable by gender, ethnicity, race, and veteran status"
1965,All firms
1966,All firms
1967,All firms
1968,All firms
1969,All firms
1970,All firms
1971,"Publicly held and other firms not classifiable by gender, ethnicity, race, and veteran status"
1972,All firms
1973,All firms
1974,All firms
1975,All firms
1976,All firms
1977,All firms
1978,All firms
1979,All firms
1980,All firms
1981,All firms
1982,All firms
1983,All firms
1984,All firms
1985,All firms
1986,All firms
1987,All firms
1988,All firms
1989,All firms
1990,All firms
1991,All firms
1992,All firms
1993,All firms
1994,All firms
1995,All firms
1996,All firms
1997,All firms
1998,All firms
1999,All firms
2000,All firms
2001,All firms
2002,All firms
2003,All firms
2004,All firms
2005,All firms
2006,All firms
2007,All firms
2008,All firms
2009,All firms
2010,All firms
2011,All firms
2012,All firms
2013,All firms
2014,All firms
2015,All firms
2016,All firms
2017,All firms
2018,All firms
2019,All firms
2020,All firms
2021,All firms
2022,All firms
2023,All firms
2024,All firms
2025,All firms
2026,Hispanic
2027,Hispanic
2028,Hispanic
2029,Hispanic
2030,Hispanic
2031,Hispanic
2032,All firms
2033,All firms
2034,All firms
2035,All firms
2036,Hispanic
2037,Hispanic
2038,Hispanic
2039,Hispanic
2040,"Mexican, Mexican American, Chicano"
2041,"Mexican, Mexican American, Chicano"
2042,"Mexican, Mexican American, Chicano"
2043,"Mexican, Mexican American, Chicano"
2044,Puerto Rican
2045,All firms
2046,All firms
2047,All firms
2048,All firms
2049,All firms
2050,All firms
2051,All firms
2052,All firms
2053,Puerto Rican
2054,Puerto Rican
2055,Puerto Rican
2056,Cuban
2057,Cuban
2058,Cuban
2059,Cuban
2060,All firms
2061,All firms
2062,All firms
2063,All firms
2064,"Other Hispanic, Latino, or Spanish"
2065,"Other Hispanic, Latino, or Spanish"
2066,"Other Hispanic, Latino, or Spanish"
2067,"Other Hispanic, Latino, or Spanish"
2068,All firms
2069,All firms
2070,All firms
2071,All firms
2072,All firms
2073,All firms
2074,All firms
2075,All firms
2076,Equally Hispanic/non-Hispanic
2077,Equally Hispanic/non-Hispanic
2078,Equally Hispanic/non-Hispanic
2079,Equally Hispanic/non-Hispanic
2080,Equally Hispanic/non-Hispanic
2081,All firms
2082,All firms
2083,All firms
2084,All firms
2085,Equally Hispanic/non-Hispanic
2086,Equally Hispanic/non-Hispanic
2087,Equally Hispanic/non-Hispanic
2088,Equally Hispanic/non-Hispanic
2089,Equally Hispanic/non-Hispanic
2090,Non-Hispanic
2091,Non-Hispanic
2092,Non-Hispanic
2093,Non-Hispanic
2094,All firms
2095,All firms
2096,All firms
2097,All firms
2098,All firms
2099,All firms
2100,All firms
2101,All firms
2102,All firms
2103,All firms
2104,All firms
2105,All firms
2106,All firms
2107,All firms
2108,All firms
2109,All firms
2110,All firms
2111,All firms
2112,All firms
2113,All firms
2114,All firms
2115,All firms
2116,All firms
2117,All firms
2118,All firms
2119,All firms
2120,All firms
2121,All firms
2122,All firms
2123,All firms
2124,All firms
2125,All firms
2126,All firms
2127,All firms
2128,All firms
2129,All firms
2130,All firms
2131,All firms
2132,All firms
2133,All firms
2134,All firms
2135,All firms
2136,All firms
2137,All firms
2138,All firms
2139,All firms
2140,All firms
2141,All firms
2142,All firms
2143,All firms
2144,All firms
2145,All firms
2146,All firms
2147,All firms
2148,All firms
2149,All firms
2150,All firms
2151,All firms
2152,All firms
2153,All firms
2154,All firms
2155,All firms
2156,All firms
2157,All firms
2158,All firms
2159,All firms
2160,All firms
2161,All firms
2162,All firms
2163,All firms
2164,All firms
2165,All firms
2166,All firms
2167,All firms
2168,All firms
2169,All firms
2170,All firms
2171,All firms
2172,All firms
2173,All firms
2174,All firms
2175,All firms
2176,All firms
2177,All firms
2178,All firms
2179,All firms
2180,All firms
2181,All firms
2182,Hispanic
2183,Hispanic
2184,Hispanic
2185,Hispanic
2186,Hispanic
2187,Hispanic
2188,Hispanic
2189,Hispanic
2190,Hispanic
2191,Hispanic
2192,"Mexican, Mexican American, Chicano"
2193,"Mexican, Mexican American, Chicano"
2194,"Mexican, Mexican American, Chicano"
2195,"Mexican, Mexican American, Chicano"
2196,Puerto Rican
2197,Puerto Rican
2198,Puerto Rican
2199,Puerto Rican
2200,Cuban
2201,Cuban
2202,Cuban
2203,Cuban
2204,"Other Hispanic, Latino, or Spanish"
2205,"Other Hispanic, Latino, or Spanish"
2206,"Other Hispanic, Latino, or Spanish"
2207,"Other Hispanic, Latino, or Spanish"
2208,Equally Hispanic/non-Hispanic
2209,Equally Hispanic/non-Hispanic
2210,Equally Hispanic/non-Hispanic
2211,Equally Hispanic/non-Hispanic
2212,Equally Hispanic/non-Hispanic
2213,Equally Hispanic/non-Hispanic
2214,Equally Hispanic/non-Hispanic
2215,Equally Hispanic/non-Hispanic
2216,Equally Hispanic/non-Hispanic
2217,Equally Hispanic/non-Hispanic
2218,Non-Hispanic
2219,Non-Hispanic
2220,Non-Hispanic
2221,Non-Hispanic
2222,Non-Hispanic
2223,Non-Hispanic
2224,Non-Hispanic
2225,Non-Hispanic
2226,Non-Hispanic
2227,Non-Hispanic
2228,"All firms classifiable by gender, ethnicity, race, and veteran status"
2229,"Publicly held and other firms not classifiable by gender, ethnicity, race, and veteran status"
2230,All firms
2231,All firms
2232,All firms
2233,All firms
2234,All firms
2235,All firms
2236,Hispanic
2237,Hispanic
2238,Hispanic
2239,"Mexican, Mexican American, Chicano"
2240,"Mexican, Mexican American, Chicano"
2241,"Mexican, Mexican American, Chicano"
2242,"Mexican, Mexican American, Chicano"
2243,Puerto Rican
2244,Puerto Rican
2245,All firms
2246,All firms
2247,All firms
2248,All firms
2249,Puerto Rican
2250,Puerto Rican
2251,Cuban
2252,Cuban
2253,Cuban
2254,Cuban
2255,All firms
2256,All firms
2257,All firms
2258,All firms
2259,All firms
2260,All firms
2261,All firms
2262,All firms
2263,All firms
2264,All firms
2265,All firms
2266,All firms
2267,All firms
2268,All firms
2269,All firms
2270,All firms
2271,All firms
2272,All firms
2273,All firms
2274,All firms
2275,All firms
2276,All firms
2277,All firms
2278,All firms
2279,All firms
2280,All firms
2281,All firms
2282,All firms
2283,All firms
2284,All firms
2285,All firms
2286,All firms
2287,All firms
2288,All firms
2289,All firms
2290,All firms
2291,All firms
2292,All firms
2293,All firms
2294,All firms
2295,All firms
2296,All firms
2297,All firms
2298,All firms
2299,"Other Hispanic, Latino, or Spanish"
2300,"Other Hispanic, Latino, or Spanish"
2301,"Other Hispanic, Latino, or Spanish"
2302,"Other Hispanic, Latino, or Spanish"
2303,All firms
2304,All firms
2305,All firms
2306,All firms
2307,Equally Hispanic/non-Hispanic
2308,Equally Hispanic/non-Hispanic
2309,Equally Hispanic/non-Hispanic
2310,Equally Hispanic/non-Hispanic
2311,All firms
2312,All firms
2313,All firms
2314,All firms
2315,All firms
2316,Equally Hispanic/non-Hispanic
2317,Equally Hispanic/non-Hispanic
2318,Equally Hispanic/non-Hispanic
2319,Equally Hispanic/non-Hispanic
2320,Equally Hispanic/non-Hispanic
2321,Equally Hispanic/non-Hispanic
2322,Non-Hispanic
2323,Non-Hispanic
2324,Non-Hispanic
2325,Non-Hispanic
2326,All firms
2327,All firms
2328,All firms
2329,All firms
2330,Non-Hispanic
2331,Non-Hispanic
2332,Non-Hispanic
2333,Non-Hispanic
2334,Non-Hispanic
2335,Non-Hispanic
2336,"All firms classifiable by gender, ethnicity, race, and veteran status"
2337,All firms
2338,All firms
2339,All firms
2340,All firms
2341,All firms
2342,"Publicly held and other firms not classifiable by gender, ethnicity, race, and veteran status"
2343,All firms
2344,All firms
2345,All firms
2346,All firms
2347,All firms
2348,All firms
2349,All firms
2350,All firms
2351,All firms
2352,All firms
2353,All firms
2354,All firms
2355,Hispanic
2356,All firms
2357,All firms
2358,All firms
2359,All firms
2360,Hispanic
2361,Hispanic
2362,Hispanic
2363,Hispanic
2364,Hispanic
2365,Hispanic
2366,Non-Hispanic
2367,Non-Hispanic
2368,Non-Hispanic
2369,Non-Hispanic
2370,Non-Hispanic
2371,Non-Hispanic
2372,"All firms classifiable by gender, ethnicity, race, and veteran status"
2373,"Publicly held and other firms not classifiable by gender, ethnicity, race, and veteran status"
2374,All firms
2375,All firms
2376,All firms
2377,All firms
2378,All firms
2379,All firms
2380,All firms
2381,All firms
2382,All firms
2383,All firms
2384,All firms
2385,All firms
2386,Hispanic
2387,Hispanic
2388,Hispanic
2389,Hispanic
2390,All firms
2391,All firms
2392,All firms
2393,All firms
2394,All firms
2395,All firms
2396,All firms
2397,All firms
2398,All firms
2399,Hispanic
2400,Hispanic
2401,Hispanic
2402,Hispanic
2403,Hispanic
2404,Hispanic
2405,"Mexican, Mexican American, Chicano"
2406,"Mexican, Mexican American, Chicano"
2407,"Mexican, Mexican American, Chicano"
2408,"Mexican, Mexican American, Chicano"
2409,All firms
2410,All firms
2411,All firms
2412,All firms
2413,Puerto Rican
2414,Puerto Rican
2415,Puerto Rican
2416,Puerto Rican
2417,Cuban
2418,Cuban
2419,All firms
2420,All firms
2421,All firms
2422,All firms
2423,All firms
2424,All firms
2425,All firms
2426,Equally Hispanic/non-Hispanic
2427,Equally Hispanic/non-Hispanic
2428,Equally Hispanic/non-Hispanic
2429,Equally Hispanic/non-Hispanic
2430,All firms
2431,All firms
2432,All firms
2433,All firms
2434,All firms
2435,Equally Hispanic/non-Hispanic
2436,Equally Hispanic/non-Hispanic
2437,Equally Hispanic/non-Hispanic
2438,Equally Hispanic/non-Hispanic
2439,Equally Hispanic/non-Hispanic
2440,Equally Hispanic/non-Hispanic
2441,Non-Hispanic
2442,Non-Hispanic
2443,Non-Hispanic
2444,Non-Hispanic
2445,All firms
2446,All firms
2447,All firms
2448,All firms
2449,All firms
2450,All firms
2451,All firms
2452,Cuban
2453,Cuban
2454,"Other Hispanic, Latino, or Spanish"
2455,"Other Hispanic, Latino, or Spanish"
2456,"Other Hispanic, Latino, or Spanish"
2457,"Other Hispanic, Latino, or Spanish"
2458,All firms
2459,All firms
2460,All firms
2461,All firms
2462,All firms
2463,All firms
2464,All firms
2465,All firms
2466,All firms
2467,All firms
2468,All firms
2469,All firms
2470,All firms
2471,All firms
2472,All firms
2473,All firms
2474,All firms
2475,All firms
2476,All firms
2477,All firms
2478,All firms
2479,All firms
2480,All firms
2481,All firms
2482,All firms
2483,All firms
2484,All firms
2485,All firms
2486,All firms
2487,All firms
2488,All firms
2489,All firms
2490,All firms
2491,All firms
2492,All firms
2493,All firms
2494,All firms
2495,All firms
2496,All firms
2497,All firms
2498,All firms
2499,All firms
2500,All firms
2501,All firms
2502,All firms
2503,All firms
2504,All firms
2505,All firms
2506,All firms
2507,All firms
2508,All firms
2509,All firms
2510,All firms
2511,All firms
2512,All firms
2513,All firms
2514,All firms
2515,All firms
2516,All firms
2517,All firms
2518,All firms
2519,All firms
2520,All firms
2521,All firms
2522,All firms
2523,All firms
2524,All firms
2525,All firms
2526,All firms
2527,All firms
2528,All firms
2529,All firms
2530,All firms
2531,All firms
2532,All firms
2533,All firms
2534,All firms
2535,All firms
2536,All firms
2537,All firms
2538,All firms
2539,All firms
2540,All firms
2541,All firms
2542,All firms
2543,All firms
2544,All firms
2545,All firms
2546,All firms
2547,All firms
2548,All firms
2549,All firms
2550,All firms
2551,All firms
2552,All firms
2553,All firms
2554,All firms
2555,All firms
2556,All firms
2557,All firms
2558,All firms
2559,All firms
2560,All firms
2561,All firms
2562,All firms
2563,All firms
2564,All firms
2565,All firms
2566,All firms
2567,All firms
2568,All firms
2569,All firms
2570,All firms
2571,All firms
2572,All firms
2573,All firms
2574,All firms
2575,All firms
2576,All firms
2577,All firms
2578,All firms
2579,All firms
2580,All firms
2581,All firms
2582,All firms
2583,All firms
2584,All firms
2585,All firms
2586,All firms
2587,All firms
2588,All firms
2589,All firms
2590,All firms
2591,All firms
2592,All firms
2593,All firms
2594,All firms
2595,All firms
2596,All firms
2597,All firms
2598,All firms
2599,All firms
2600,All firms
2601,All firms
2602,All firms
2603,All firms
2604,All firms
2605,All firms
2606,All firms
2607,All firms
2608,All firms
2609,All firms
2610,All firms
2611,All firms
2612,All firms
2613,All firms
2614,All firms
2615,All firms
2616,All firms
2617,All firms
2618,All firms
2619,All firms
2620,All firms
2621,All firms
2622,All firms
2623,All firms
2624,All firms
2625,All firms
2626,All firms
2627,All firms
2628,All firms
2629,All firms
2630,All firms
2631,All firms
2632,All firms
2633,All firms
2634,All firms
2635,All firms
2636,All firms
2637,All firms
2638,All firms
2639,All firms
2640,All firms
2641,All firms
2642,All firms
2643,All firms
2644,All firms
2645,All firms
2646,All firms
2647,All firms
2648,All firms
2649,All firms
2650,All firms
2651,All firms
2652,All firms
2653,All firms
2654,All firms
2655,All firms
2656,All firms
2657,All firms
2658,All firms
2659,All firms
2660,All firms
2661,All firms
2662,All firms
2663,All firms
2664,All firms
2665,All firms
2666,All firms
2667,All firms
2668,All firms
2669,All firms
2670,All firms
2671,All firms
2672,All firms
2673,Cuban
2674,Cuban
2675,Cuban
2676,Cuban
2677,Hispanic
2678,Hispanic
2679,Hispanic
2680,Hispanic
2681,Hispanic
2682,Hispanic
2683,Hispanic
2684,Hispanic
2685,Hispanic
2686,Hispanic
2687,"Mexican, Mexican American, Chicano"
2688,"Mexican, Mexican American, Chicano"
2689,"Mexican, Mexican American, Chicano"
2690,"Mexican, Mexican American, Chicano"
2691,Puerto Rican
2692,Puerto Rican
2693,Puerto Rican
2694,Puerto Rican
2695,"Other Hispanic, Latino, or Spanish"
2696,"Other Hispanic, Latino, or Spanish"
2697,"Other Hispanic, Latino, or Spanish"
2698,"Other Hispanic, Latino, or Spanish"
2699,Equally Hispanic/non-Hispanic
2700,Equally Hispanic/non-Hispanic
2701,Equally Hispanic/non-Hispanic
2702,Equally Hispanic/non-Hispanic
2703,Equally Hispanic/non-Hispanic
2704,Equally Hispanic/non-Hispanic
2705,Equally Hispanic/non-Hispanic
2706,Equally Hispanic/non-Hispanic
2707,Equally Hispanic/non-Hispanic
2708,Equally Hispanic/non-Hispanic
2709,Non-Hispanic
2710,Non-Hispanic
2711,Non-Hispanic
2712,Non-Hispanic
2713,Non-Hispanic
2714,Non-Hispanic
2715,Non-Hispanic
2716,Non-Hispanic
2717,Non-Hispanic
2718,Non-Hispanic
2719,"All firms classifiable by gender, ethnicity, race, and veteran status"
2720,"Publicly held and other firms not classifiable by gender, ethnicity, race, and veteran status"
2721,All firms
2722,All firms
2723,All firms
2724,All firms
2725,All firms
2726,All firms
2727,All firms
2728,All firms
2729,All firms
2730,All firms
2731,All firms
2732,All firms
2733,All firms
2734,All firms
2735,All firms
2736,All firms
2737,All firms
2738,All firms
2739,All firms
2740,All firms
2741,All firms
2742,All firms
2743,All firms
2744,All firms
2745,All firms
2746,All firms
2747,All firms
2748,All firms
2749,All firms
2750,All firms
2751,All firms
2752,All firms
2753,All firms
2754,All firms
2755,All firms
2756,All firms
2757,All firms
2758,All firms
2759,All firms
2760,All firms
2761,All firms
2762,All firms
2763,All firms
2764,All firms
2765,All firms
2766,All firms
2767,All firms
2768,All firms
2769,All firms
2770,All firms
2771,All firms
2772,All firms
2773,All firms
2774,All firms
2775,All firms
2776,All firms
2777,All firms
2778,All firms
2779,All firms
2780,All firms
2781,All firms
2782,All firms
2783,All firms
2784,All firms
2785,All firms
2786,All firms
2787,All firms
2788,All firms
2789,All firms
2790,All firms
2791,All firms
2792,All firms
2793,All firms
2794,All firms
2795,All firms
2796,Puerto Rican
2797,Puerto Rican
2798,Puerto Rican
2799,Puerto Rican
2800,Cuban
2801,Cuban
2802,Cuban
2803,Cuban
2804,"Other Hispanic, Latino, or Spanish"
2805,"Other Hispanic, Latino, or Spanish"
2806,"Other Hispanic, Latino, or Spanish"
2807,"Other Hispanic, Latino, or Spanish"
2808,All firms
2809,All firms
2810,All firms
2811,All firms
2812,All firms
2813,All firms
2814,All firms
2815,All firms
2816,All firms
2817,All firms
2818,All firms
2819,All firms
2820,All firms
2821,Hispanic
2822,Hispanic
2823,Hispanic
2824,Hispanic
2825,Hispanic
2826,Hispanic
2827,Hispanic
2828,Hispanic
2829,Hispanic
2830,Hispanic
2831,"Mexican, Mexican American, Chicano"
2832,"Mexican, Mexican American, Chicano"
2833,"Mexican, Mexican American, Chicano"
2834,"Mexican, Mexican American, Chicano"
2835,Equally Hispanic/non-Hispanic
2836,Equally Hispanic/non-Hispanic
2837,Equally Hispanic/non-Hispanic
2838,Equally Hispanic/non-Hispanic
2839,Equally Hispanic/non-Hispanic
2840,Equally Hispanic/non-Hispanic
2841,Equally Hispanic/non-Hispanic
2842,Equally Hispanic/non-Hispanic
2843,Equally Hispanic/non-Hispanic
2844,Equally Hispanic/non-Hispanic
2845,Non-Hispanic
2846,Non-Hispanic
2847,Non-Hispanic
2848,Non-Hispanic
2849,Non-Hispanic
2850,Non-Hispanic
2851,Non-Hispanic
2852,Non-Hispanic
2853,Non-Hispanic
2854,Non-Hispanic
2855,"All firms classifiable by gender, ethnicity, race, and veteran status"
2856,"Publicly held and other firms not classifiable by gender, ethnicity, race, and veteran status"
