id,location
1,United States
2,United States
3,United States
4,United States
5,United States
6,United States
7,United States
8,United States
9,United States
10,United States
11,United States
12,United States
13,United States
14,United States
15,United States
16,United States
17,United States
18,United States
19,United States
20,United States
21,United States
22,United States
23,United States
24,United States
25,United States
26,United States
27,United States
28,United States
29,United States
30,United States
31,United States
32,United States
33,United States
34,United States
35,United States
36,United States
37,United States
38,United States
39,United States
40,United States
41,United States
42,United States
43,United States
44,United States
45,United States
46,United States
47,United States
48,United States
49,United States
50,United States
51,United States
52,United States
53,United States
54,United States
55,United States
56,United States
57,United States
58,United States
59,United States
60,United States
61,United States
62,United States
63,United States
64,United States
65,United States
66,United States
67,United States
68,United States
69,United States
70,United States
71,United States
72,United States
73,United States
74,United States
75,United States
76,United States
77,United States
78,United States
79,United States
80,United States
81,United States
82,United States
83,United States
84,United States
85,United States
86,United States
87,United States
88,United States
89,United States
90,United States
91,United States
92,United States
93,United States
94,United States
95,United States
96,United States
97,United States
98,United States
99,United States
100,United States
101,United States
102,United States
103,United States
104,United States
105,United States
106,United States
107,United States
108,United States
109,United States
110,United States
111,United States
112,United States
113,United States
114,United States
115,United States
116,United States
117,United States
118,United States
119,United States
120,United States
121,United States
122,United States
123,United States
124,United States
125,United States
126,United States
127,United States
128,United States
129,United States
130,United States
131,United States
132,United States
133,United States
134,United States
135,United States
136,United States
137,United States
138,United States
139,United States
140,United States
141,United States
142,United States
143,United States
144,United States
145,United States
146,United States
147,United States
148,United States
149,United States
150,United States
151,United States
152,United States
153,United States
154,United States
155,United States
156,United States
157,United States
158,United States
159,United States
160,United States
161,United States
162,United States
163,United States
164,United States
165,United States
166,United States
167,United States
168,United States
169,United States
170,United States
171,United States
172,United States
173,United States
174,United States
175,United States
176,United States
177,United States
178,United States
179,United States
180,United States
181,United States
182,United States
183,United States
184,United States
185,United States
186,United States
187,United States
188,United States
189,United States
190,United States
191,United States
192,United States
193,United States
194,United States
195,United States
196,United States
197,United States
198,United States
199,United States
200,United States
201,United States
202,United States
203,United States
204,United States
205,United States
206,United States
207,United States
208,United States
209,United States
210,United States
211,United States
212,United States
213,United States
214,United States
215,United States
216,United States
217,United States
218,United States
219,United States
220,United States
221,United States
222,United States
223,United States
224,United States
225,United States
226,United States
227,United States
228,United States
229,United States
230,United States
231,United States
232,United States
233,United States
234,United States
235,United States
236,United States
237,United States
238,United States
239,United States
240,United States
241,United States
242,United States
243,United States
244,United States
245,United States
246,United States
247,United States
248,United States
249,United States
250,United States
251,United States
252,United States
253,United States
254,United States
255,United States
256,United States
257,United States
258,United States
259,United States
260,United States
261,United States
262,United States
263,United States
264,United States
265,United States
266,United States
267,United States
268,United States
269,United States
270,United States
271,United States
272,United States
273,United States
274,United States
275,United States
276,United States
277,United States
278,United States
279,United States
280,United States
281,United States
282,United States
283,United States
284,United States
285,United States
286,United States
287,United States
288,United States
289,United States
290,United States
291,United States
292,United States
293,United States
294,United States
295,United States
296,United States
297,United States
298,United States
299,United States
300,United States
301,United States
302,United States
303,United States
304,United States
305,United States
306,United States
307,United States
308,United States
309,United States
310,United States
311,United States
312,United States
313,United States
314,United States
315,United States
316,United States
317,United States
318,United States
319,United States
320,United States
321,United States
322,United States
323,United States
324,United States
325,United States
326,United States
327,United States
328,United States
329,United States
330,United States
331,United States
332,United States
333,United States
334,United States
335,United States
336,United States
337,United States
338,United States
339,United States
340,United States
341,United States
342,United States
343,United States
344,United States
345,United States
346,United States
347,United States
348,United States
349,United States
350,United States
351,United States
352,United States
353,United States
354,United States
355,United States
356,United States
357,United States
358,United States
359,United States
360,United States
361,United States
362,United States
363,United States
364,United States
365,United States
366,United States
367,United States
368,United States
369,United States
370,United States
371,United States
372,United States
373,United States
374,United States
375,United States
376,United States
377,United States
378,United States
379,United States
380,United States
381,United States
382,United States
383,United States
384,United States
385,United States
386,United States
387,United States
388,United States
389,United States
390,United States
391,United States
392,United States
393,United States
394,United States
395,United States
396,United States
397,United States
398,United States
399,United States
400,United States
401,United States
402,United States
403,United States
404,United States
405,United States
406,United States
407,United States
408,United States
409,United States
410,United States
411,United States
412,United States
413,United States
414,United States
415,United States
416,United States
417,United States
418,United States
419,United States
420,United States
421,United States
422,United States
423,United States
424,United States
425,United States
426,United States
427,United States
428,United States
429,United States
430,United States
431,United States
432,United States
433,United States
434,United States
435,United States
436,United States
437,United States
438,United States
439,United States
440,United States
441,United States
442,United States
443,United States
444,United States
445,United States
446,United States
447,United States
448,United States
449,United States
450,United States
451,United States
452,United States
453,United States
454,United States
455,United States
456,United States
457,United States
458,United States
459,United States
460,United States
461,United States
462,United States
463,United States
464,United States
465,United States
466,United States
467,United States
468,United States
469,United States
470,United States
471,United States
472,United States
473,United States
474,United States
475,United States
476,United States
477,United States
478,United States
479,United States
480,United States
481,United States
482,United States
483,United States
484,United States
485,United States
486,United States
487,United States
488,United States
489,United States
490,United States
491,United States
492,United States
493,United States
494,United States
495,United States
496,United States
497,United States
498,United States
499,United States
500,United States
501,United States
502,United States
503,United States
504,United States
505,United States
506,United States
507,United States
508,United States
509,United States
510,United States
511,United States
512,United States
513,United States
514,United States
515,United States
516,United States
517,United States
518,United States
519,United States
520,United States
521,United States
522,United States
523,United States
524,United States
525,United States
526,United States
527,United States
528,United States
529,United States
530,United States
531,United States
532,United States
533,United States
534,United States
535,United States
536,United States
537,United States
538,United States
539,United States
540,United States
541,United States
542,United States
543,United States
544,United States
545,United States
546,United States
547,United States
548,United States
549,United States
550,United States
551,United States
552,United States
553,United States
554,United States
555,United States
556,United States
557,United States
558,United States
559,United States
560,United States
561,United States
562,United States
563,United States
564,United States
565,United States
566,United States
567,United States
568,United States
569,United States
570,United States
571,United States
572,United States
573,United States
574,United States
575,United States
576,United States
577,United States
578,United States
579,United States
580,United States
581,United States
582,United States
583,United States
584,United States
585,United States
586,United States
587,United States
588,United States
589,United States
590,United States
591,United States
592,United States
593,United States
594,United States
595,United States
596,United States
597,United States
598,United States
599,United States
600,United States
601,United States
602,United States
603,United States
604,United States
605,United States
606,United States
607,United States
608,United States
609,United States
610,United States
611,United States
612,United States
613,United States
614,United States
615,United States
616,United States
617,United States
618,United States
619,United States
620,United States
621,United States
622,United States
623,United States
624,United States
625,United States
626,United States
627,United States
628,United States
629,United States
630,United States
631,United States
632,United States
633,United States
634,United States
635,United States
636,United States
637,United States
638,United States
639,United States
640,United States
641,United States
642,United States
643,United States
644,United States
645,United States
646,United States
647,United States
648,United States
649,United States
650,United States
651,United States
652,United States
653,United States
654,United States
655,United States
656,United States
657,United States
658,United States
659,United States
660,United States
661,United States
662,United States
663,United States
664,United States
665,United States
666,United States
667,United States
668,United States
669,United States
670,United States
671,United States
672,United States
673,United States
674,United States
675,United States
676,United States
677,United States
678,United States
679,United States
680,United States
681,United States
682,United States
683,United States
684,United States
685,United States
686,United States
687,United States
688,United States
689,United States
690,United States
691,United States
692,United States
693,United States
694,United States
695,United States
696,United States
697,United States
698,United States
699,United States
700,United States
701,United States
702,United States
703,United States
704,United States
705,United States
706,United States
707,United States
708,United States
709,United States
710,United States
711,United States
712,United States
713,United States
714,United States
715,United States
716,United States
717,United States
718,United States
719,United States
720,United States
721,United States
722,United States
723,United States
724,United States
725,United States
726,United States
727,United States
728,United States
729,United States
730,United States
731,United States
732,United States
733,United States
734,United States
735,United States
736,United States
737,United States
738,United States
739,United States
740,United States
741,United States
742,United States
743,United States
744,United States
745,United States
746,United States
747,United States
748,United States
749,United States
750,United States
751,United States
752,United States
753,United States
754,United States
755,United States
756,United States
757,United States
758,United States
759,United States
760,United States
761,United States
762,United States
763,United States
764,United States
765,United States
766,United States
767,United States
768,United States
769,United States
770,United States
771,United States
772,United States
773,United States
774,United States
775,United States
776,United States
777,United States
778,United States
779,United States
780,United States
781,United States
782,United States
783,United States
784,United States
785,United States
786,United States
787,United States
788,United States
789,United States
790,United States
791,United States
792,United States
793,United States
794,United States
795,United States
796,United States
797,United States
798,United States
799,United States
800,United States
801,United States
802,United States
803,United States
804,United States
805,United States
806,United States
807,United States
808,United States
809,United States
810,United States
811,United States
812,United States
813,United States
814,United States
815,United States
816,United States
817,United States
818,United States
819,United States
820,United States
821,United States
822,United States
823,United States
824,United States
825,United States
826,United States
827,United States
828,United States
829,United States
830,United States
831,United States
832,United States
833,United States
834,United States
835,United States
836,United States
837,United States
838,United States
839,United States
840,United States
841,United States
842,United States
843,United States
844,United States
845,United States
846,United States
847,United States
848,United States
849,United States
850,United States
851,United States
852,United States
853,United States
854,United States
855,United States
856,United States
857,United States
858,United States
859,United States
860,United States
861,United States
862,United States
863,United States
864,United States
865,United States
866,United States
867,United States
868,United States
869,United States
870,United States
871,United States
872,United States
873,United States
874,United States
875,United States
876,United States
877,United States
878,United States
879,United States
880,United States
881,United States
882,United States
883,United States
884,United States
885,United States
886,United States
887,United States
888,United States
889,United States
890,United States
891,United States
892,United States
893,United States
894,United States
895,United States
896,United States
897,United States
898,United States
899,United States
900,United States
901,United States
902,United States
903,United States
904,United States
905,United States
906,United States
907,United States
908,United States
909,United States
910,United States
911,United States
912,United States
913,United States
914,United States
915,United States
916,United States
917,United States
918,United States
919,United States
920,United States
921,United States
922,United States
923,United States
924,United States
925,United States
926,United States
927,United States
928,United States
929,United States
930,United States
931,United States
932,United States
933,United States
934,United States
935,United States
936,United States
937,United States
938,United States
939,United States
940,United States
941,United States
942,United States
943,United States
944,United States
945,United States
946,United States
947,United States
948,United States
949,United States
950,United States
951,United States
952,United States
953,United States
954,United States
955,United States
956,United States
957,United States
958,United States
959,United States
960,United States
961,United States
962,United States
963,United States
964,United States
965,United States
966,United States
967,United States
968,United States
969,United States
970,United States
971,United States
972,United States
973,United States
974,United States
975,United States
976,United States
977,United States
978,United States
979,United States
980,United States
981,United States
982,United States
983,United States
984,United States
985,United States
986,United States
987,United States
988,United States
989,United States
990,United States
991,United States
992,United States
993,United States
994,United States
995,United States
996,United States
997,United States
998,United States
999,United States
1000,United States
1001,United States
1002,United States
1003,United States
1004,United States
1005,United States
1006,United States
1007,United States
1008,United States
1009,United States
1010,United States
1011,United States
1012,United States
1013,United States
1014,United States
1015,United States
1016,United States
1017,United States
1018,United States
1019,United States
1020,United States
1021,United States
1022,United States
1023,United States
1024,United States
1025,United States
1026,United States
1027,United States
1028,United States
1029,United States
1030,United States
1031,United States
1032,United States
1033,United States
1034,United States
1035,United States
1036,United States
1037,United States
1038,United States
1039,United States
1040,United States
1041,United States
1042,United States
1043,United States
1044,United States
1045,United States
1046,United States
1047,United States
1048,United States
1049,United States
1050,United States
1051,United States
1052,United States
1053,United States
1054,United States
1055,United States
1056,United States
1057,United States
1058,United States
1059,United States
1060,United States
1061,United States
1062,United States
1063,United States
1064,United States
1065,United States
1066,United States
1067,United States
1068,United States
1069,United States
1070,United States
1071,United States
1072,United States
1073,United States
1074,United States
1075,United States
1076,United States
1077,United States
1078,United States
1079,United States
1080,United States
1081,United States
1082,United States
1083,United States
1084,United States
1085,United States
1086,United States
1087,United States
1088,United States
1089,United States
1090,United States
1091,United States
1092,United States
1093,United States
1094,United States
1095,United States
1096,United States
1097,United States
1098,United States
1099,United States
1100,United States
1101,United States
1102,United States
1103,United States
1104,United States
1105,United States
1106,United States
1107,United States
1108,United States
1109,United States
1110,United States
1111,United States
1112,United States
1113,United States
1114,United States
1115,United States
1116,United States
1117,United States
1118,United States
1119,United States
1120,United States
1121,United States
1122,United States
1123,United States
1124,United States
1125,United States
1126,United States
1127,United States
1128,United States
1129,United States
1130,United States
1131,United States
1132,United States
1133,United States
1134,United States
1135,United States
1136,United States
1137,United States
1138,United States
1139,United States
1140,United States
1141,United States
1142,United States
1143,United States
1144,United States
1145,United States
1146,United States
1147,United States
1148,United States
1149,United States
1150,United States
1151,United States
1152,United States
1153,United States
1154,United States
1155,United States
1156,United States
1157,United States
1158,United States
1159,United States
1160,United States
1161,United States
1162,United States
1163,United States
1164,United States
1165,United States
1166,United States
1167,United States
1168,United States
1169,United States
1170,United States
1171,United States
1172,United States
1173,United States
1174,United States
1175,United States
1176,United States
1177,United States
1178,United States
1179,United States
1180,United States
1181,United States
1182,United States
1183,United States
1184,United States
1185,United States
1186,United States
1187,United States
1188,United States
1189,United States
1190,United States
1191,United States
1192,United States
1193,United States
1194,United States
1195,United States
1196,United States
1197,United States
1198,United States
1199,United States
1200,United States
1201,United States
1202,United States
1203,United States
1204,United States
1205,United States
1206,United States
1207,United States
1208,United States
1209,United States
1210,United States
1211,United States
1212,United States
1213,United States
1214,United States
1215,United States
1216,United States
1217,United States
1218,United States
1219,United States
1220,United States
1221,United States
1222,United States
1223,United States
1224,United States
1225,United States
1226,United States
1227,United States
1228,United States
1229,United States
1230,United States
1231,United States
1232,United States
1233,United States
1234,United States
1235,United States
1236,United States
1237,United States
1238,United States
1239,United States
1240,United States
1241,United States
1242,United States
1243,United States
1244,United States
1245,United States
1246,United States
1247,United States
1248,United States
1249,United States
1250,United States
1251,United States
1252,United States
1253,United States
1254,United States
1255,United States
1256,United States
1257,United States
1258,United States
1259,United States
1260,United States
1261,United States
1262,United States
1263,United States
1264,United States
1265,United States
1266,United States
1267,United States
1268,United States
1269,United States
1270,United States
1271,United States
1272,United States
1273,United States
1274,United States
1275,United States
1276,United States
1277,United States
1278,United States
1279,United States
1280,United States
1281,United States
1282,United States
1283,United States
1284,United States
1285,United States
1286,United States
1287,United States
1288,United States
1289,United States
1290,United States
1291,United States
1292,United States
1293,United States
1294,United States
1295,United States
1296,United States
1297,United States
1298,United States
1299,United States
1300,United States
1301,United States
1302,United States
1303,United States
1304,United States
1305,United States
1306,United States
1307,United States
1308,United States
1309,United States
1310,United States
1311,United States
1312,United States
1313,United States
1314,United States
1315,United States
1316,United States
1317,United States
1318,United States
1319,United States
1320,United States
1321,United States
1322,United States
1323,United States
1324,United States
1325,United States
1326,United States
1327,United States
1328,United States
1329,United States
1330,United States
1331,United States
1332,United States
1333,United States
1334,United States
1335,United States
1336,United States
1337,United States
1338,United States
1339,United States
1340,United States
1341,United States
1342,United States
1343,United States
1344,United States
1345,United States
1346,United States
1347,United States
1348,United States
1349,United States
1350,United States
1351,United States
1352,United States
1353,United States
1354,United States
1355,United States
1356,United States
1357,United States
1358,United States
1359,United States
1360,United States
1361,United States
1362,United States
1363,United States
1364,United States
1365,United States
1366,United States
1367,United States
1368,United States
1369,United States
1370,United States
1371,United States
1372,United States
1373,United States
1374,United States
1375,United States
1376,United States
1377,United States
1378,United States
1379,United States
1380,United States
1381,United States
1382,United States
1383,United States
1384,United States
1385,United States
1386,United States
1387,United States
1388,United States
1389,United States
1390,United States
1391,United States
1392,United States
1393,United States
1394,United States
1395,United States
1396,United States
1397,United States
1398,United States
1399,United States
1400,United States
1401,United States
1402,United States
1403,United States
1404,United States
1405,United States
1406,United States
1407,United States
1408,United States
1409,United States
1410,United States
1411,United States
1412,United States
1413,United States
1414,United States
1415,United States
1416,United States
1417,United States
1418,United States
1419,United States
1420,United States
1421,United States
1422,United States
1423,United States
1424,United States
1425,United States
1426,United States
1427,United States
1428,United States
1429,United States
1430,United States
1431,United States
1432,United States
1433,United States
1434,United States
1435,United States
1436,United States
1437,United States
1438,United States
1439,United States
1440,United States
1441,United States
1442,United States
1443,United States
1444,United States
1445,United States
1446,United States
1447,United States
1448,United States
1449,United States
1450,United States
1451,United States
1452,United States
1453,United States
1454,United States
1455,United States
1456,United States
1457,United States
1458,United States
1459,United States
1460,United States
1461,United States
1462,United States
1463,United States
1464,United States
1465,United States
1466,United States
1467,United States
1468,United States
1469,United States
1470,United States
1471,United States
1472,United States
1473,United States
1474,United States
1475,United States
1476,United States
1477,United States
1478,United States
1479,United States
1480,United States
1481,United States
1482,United States
1483,United States
1484,United States
1485,United States
1486,United States
1487,United States
1488,United States
1489,United States
1490,United States
1491,United States
1492,United States
1493,United States
1494,United States
1495,United States
1496,United States
1497,United States
1498,United States
1499,United States
1500,United States
1501,United States
1502,United States
1503,United States
1504,United States
1505,United States
1506,United States
1507,United States
1508,United States
1509,United States
1510,United States
1511,United States
1512,United States
1513,United States
1514,United States
1515,United States
1516,United States
1517,United States
1518,United States
1519,United States
1520,United States
1521,United States
1522,United States
1523,United States
1524,United States
1525,United States
1526,United States
1527,United States
1528,United States
1529,United States
1530,United States
1531,United States
1532,United States
1533,United States
1534,United States
1535,United States
1536,United States
1537,United States
1538,United States
1539,United States
1540,United States
1541,United States
1542,United States
1543,United States
1544,United States
1545,United States
1546,United States
1547,United States
1548,United States
1549,United States
1550,United States
1551,United States
1552,United States
1553,United States
1554,United States
1555,United States
1556,United States
1557,United States
1558,United States
1559,United States
1560,United States
1561,United States
1562,United States
1563,United States
1564,United States
1565,United States
1566,United States
1567,United States
1568,United States
1569,United States
1570,United States
1571,United States
1572,United States
1573,United States
1574,United States
1575,United States
1576,United States
1577,United States
1578,United States
1579,United States
1580,United States
1581,United States
1582,United States
1583,United States
1584,United States
1585,United States
1586,United States
1587,United States
1588,United States
1589,United States
1590,United States
1591,United States
1592,United States
1593,United States
1594,United States
1595,United States
1596,United States
1597,United States
1598,United States
1599,United States
1600,United States
1601,United States
1602,United States
1603,United States
1604,United States
1605,United States
1606,United States
1607,United States
1608,United States
1609,United States
1610,United States
1611,United States
1612,United States
1613,United States
1614,United States
1615,United States
1616,United States
1617,United States
1618,United States
1619,United States
1620,United States
1621,United States
1622,United States
1623,United States
1624,United States
1625,United States
1626,United States
1627,United States
1628,United States
1629,United States
1630,United States
1631,United States
1632,United States
1633,United States
1634,United States
1635,United States
1636,United States
1637,United States
1638,United States
1639,United States
1640,United States
1641,United States
1642,United States
1643,United States
1644,United States
1645,United States
1646,United States
1647,United States
1648,United States
1649,United States
1650,United States
1651,United States
1652,United States
1653,United States
1654,United States
1655,United States
1656,United States
1657,United States
1658,United States
1659,United States
1660,United States
1661,United States
1662,United States
1663,United States
1664,United States
1665,United States
1666,United States
1667,United States
1668,United States
1669,United States
1670,United States
1671,United States
1672,United States
1673,United States
1674,United States
1675,United States
1676,United States
1677,United States
1678,United States
1679,United States
1680,United States
1681,United States
1682,United States
1683,United States
1684,United States
1685,United States
1686,United States
1687,United States
1688,United States
1689,United States
1690,United States
1691,United States
1692,United States
1693,United States
1694,United States
1695,United States
1696,United States
1697,United States
1698,United States
1699,United States
1700,United States
1701,United States
1702,United States
1703,United States
1704,United States
1705,United States
1706,United States
1707,United States
1708,United States
1709,United States
1710,United States
1711,United States
1712,United States
1713,United States
1714,United States
1715,United States
1716,United States
1717,United States
1718,United States
1719,United States
1720,United States
1721,United States
1722,United States
1723,United States
1724,United States
1725,United States
1726,United States
1727,United States
1728,United States
1729,United States
1730,United States
1731,United States
1732,United States
1733,United States
1734,United States
1735,United States
1736,United States
1737,United States
1738,United States
1739,United States
1740,United States
1741,United States
1742,United States
1743,United States
1744,United States
1745,United States
1746,United States
1747,United States
1748,United States
1749,United States
1750,United States
1751,United States
1752,United States
1753,United States
1754,United States
1755,United States
1756,United States
1757,United States
1758,United States
1759,United States
1760,United States
1761,United States
1762,United States
1763,United States
1764,United States
1765,United States
1766,United States
1767,United States
1768,United States
1769,United States
1770,United States
1771,United States
1772,United States
1773,United States
1774,United States
1775,United States
1776,United States
1777,United States
1778,United States
1779,United States
1780,United States
1781,United States
1782,United States
1783,United States
1784,United States
1785,United States
1786,United States
1787,United States
1788,United States
1789,United States
1790,United States
1791,United States
1792,United States
1793,United States
1794,United States
1795,United States
1796,United States
1797,United States
1798,United States
1799,United States
1800,United States
1801,United States
1802,United States
1803,United States
1804,United States
1805,United States
1806,United States
1807,United States
1808,United States
1809,United States
1810,United States
1811,United States
1812,United States
1813,United States
1814,United States
1815,United States
1816,United States
1817,United States
1818,United States
1819,United States
1820,United States
1821,United States
1822,United States
1823,United States
1824,United States
1825,United States
1826,United States
1827,United States
1828,United States
1829,United States
1830,United States
1831,United States
1832,United States
1833,United States
1834,United States
1835,United States
1836,United States
1837,United States
1838,United States
1839,United States
1840,United States
1841,United States
1842,United States
1843,United States
1844,United States
1845,United States
1846,United States
1847,United States
1848,United States
1849,United States
1850,United States
1851,United States
1852,United States
1853,United States
1854,United States
1855,United States
1856,United States
1857,United States
1858,United States
1859,United States
1860,United States
1861,United States
1862,United States
1863,United States
1864,United States
1865,United States
1866,United States
1867,United States
1868,United States
1869,United States
1870,United States
1871,United States
1872,United States
1873,United States
1874,United States
1875,United States
1876,United States
1877,United States
1878,United States
1879,United States
1880,United States
1881,United States
1882,United States
1883,United States
1884,United States
1885,United States
1886,United States
1887,United States
1888,United States
1889,United States
1890,United States
1891,United States
1892,United States
1893,United States
1894,United States
1895,United States
1896,United States
1897,United States
1898,United States
1899,United States
1900,United States
1901,United States
1902,United States
1903,United States
1904,United States
1905,United States
1906,United States
1907,United States
1908,United States
1909,United States
1910,United States
1911,United States
1912,United States
1913,United States
1914,United States
1915,United States
1916,United States
1917,United States
1918,United States
1919,United States
1920,United States
1921,United States
1922,United States
1923,United States
1924,United States
1925,United States
1926,United States
1927,United States
1928,United States
1929,United States
1930,United States
1931,United States
1932,United States
1933,United States
1934,United States
1935,United States
1936,United States
1937,United States
1938,United States
1939,United States
1940,United States
1941,United States
1942,United States
1943,United States
1944,United States
1945,United States
1946,United States
1947,United States
1948,United States
1949,United States
1950,United States
1951,United States
1952,United States
1953,United States
1954,United States
1955,United States
1956,United States
1957,United States
1958,United States
1959,United States
1960,United States
1961,United States
1962,United States
1963,United States
1964,United States
1965,United States
1966,United States
1967,United States
1968,United States
1969,United States
1970,United States
1971,United States
1972,United States
1973,United States
1974,United States
1975,United States
1976,United States
1977,United States
1978,United States
1979,United States
1980,United States
1981,United States
1982,United States
1983,United States
1984,United States
1985,United States
1986,United States
1987,United States
1988,United States
1989,United States
1990,United States
1991,United States
1992,United States
1993,United States
1994,United States
1995,United States
1996,United States
1997,United States
1998,United States
1999,United States
2000,United States
2001,United States
2002,United States
2003,United States
2004,United States
2005,United States
2006,United States
2007,United States
2008,United States
2009,United States
2010,United States
2011,United States
2012,United States
2013,United States
2014,United States
2015,United States
2016,United States
2017,United States
2018,United States
2019,United States
2020,United States
2021,United States
2022,United States
2023,United States
2024,United States
2025,United States
2026,United States
2027,United States
2028,United States
2029,United States
2030,United States
2031,United States
2032,United States
2033,United States
2034,United States
2035,United States
2036,United States
2037,United States
2038,United States
2039,United States
2040,United States
2041,United States
2042,United States
2043,United States
2044,United States
2045,United States
2046,United States
2047,United States
2048,United States
2049,United States
2050,United States
2051,United States
2052,United States
2053,United States
2054,United States
2055,United States
2056,United States
2057,United States
2058,United States
2059,United States
2060,United States
2061,United States
2062,United States
2063,United States
2064,United States
2065,United States
2066,United States
2067,United States
2068,United States
2069,United States
2070,United States
2071,United States
2072,United States
2073,United States
2074,United States
2075,United States
2076,United States
2077,United States
2078,United States
2079,United States
2080,United States
2081,United States
2082,United States
2083,United States
2084,United States
2085,United States
2086,United States
2087,United States
2088,United States
2089,United States
2090,United States
2091,United States
2092,United States
2093,United States
2094,United States
2095,United States
2096,United States
2097,United States
2098,United States
2099,United States
2100,United States
2101,United States
2102,United States
2103,United States
2104,United States
2105,United States
2106,United States
2107,United States
2108,United States
2109,United States
2110,United States
2111,United States
2112,United States
2113,United States
2114,United States
2115,United States
2116,United States
2117,United States
2118,United States
2119,United States
2120,United States
2121,United States
2122,United States
2123,United States
2124,United States
2125,United States
2126,United States
2127,United States
2128,United States
2129,United States
2130,United States
2131,United States
2132,United States
2133,United States
2134,United States
2135,United States
2136,United States
2137,United States
2138,United States
2139,United States
2140,United States
2141,United States
2142,United States
2143,United States
2144,United States
2145,United States
2146,United States
2147,United States
2148,United States
2149,United States
2150,United States
2151,United States
2152,United States
2153,United States
2154,United States
2155,United States
2156,United States
2157,United States
2158,United States
2159,United States
2160,United States
2161,United States
2162,United States
2163,United States
2164,United States
2165,United States
2166,United States
2167,United States
2168,United States
2169,United States
2170,United States
2171,United States
2172,United States
2173,United States
2174,United States
2175,United States
2176,United States
2177,United States
2178,United States
2179,United States
2180,United States
2181,United States
2182,United States
2183,United States
2184,United States
2185,United States
2186,United States
2187,United States
2188,United States
2189,United States
2190,United States
2191,United States
2192,United States
2193,United States
2194,United States
2195,United States
2196,United States
2197,United States
2198,United States
2199,United States
2200,United States
2201,United States
2202,United States
2203,United States
2204,United States
2205,United States
2206,United States
2207,United States
2208,United States
2209,United States
2210,United States
2211,United States
2212,United States
2213,United States
2214,United States
2215,United States
2216,United States
2217,United States
2218,United States
2219,United States
2220,United States
2221,United States
2222,United States
2223,United States
2224,United States
2225,United States
2226,United States
2227,United States
2228,United States
2229,United States
2230,United States
2231,United States
2232,United States
2233,United States
2234,United States
2235,United States
2236,United States
2237,United States
2238,United States
2239,United States
2240,United States
2241,United States
2242,United States
2243,United States
2244,United States
2245,United States
2246,United States
2247,United States
2248,United States
2249,United States
2250,United States
2251,United States
2252,United States
2253,United States
2254,United States
2255,United States
2256,United States
2257,United States
2258,United States
2259,United States
2260,United States
2261,United States
2262,United States
2263,United States
2264,United States
2265,United States
2266,United States
2267,United States
2268,United States
2269,United States
2270,United States
2271,United States
2272,United States
2273,United States
2274,United States
2275,United States
2276,United States
2277,United States
2278,United States
2279,United States
2280,United States
2281,United States
2282,United States
2283,United States
2284,United States
2285,United States
2286,United States
2287,United States
2288,United States
2289,United States
2290,United States
2291,United States
2292,United States
2293,United States
2294,United States
2295,United States
2296,United States
2297,United States
2298,United States
2299,United States
2300,United States
2301,United States
2302,United States
2303,United States
2304,United States
2305,United States
2306,United States
2307,United States
2308,United States
2309,United States
2310,United States
2311,United States
2312,United States
2313,United States
2314,United States
2315,United States
2316,United States
2317,United States
2318,United States
2319,United States
2320,United States
2321,United States
2322,United States
2323,United States
2324,United States
2325,United States
2326,United States
2327,United States
2328,United States
2329,United States
2330,United States
2331,United States
2332,United States
2333,United States
2334,United States
2335,United States
2336,United States
2337,United States
2338,United States
2339,United States
2340,United States
2341,United States
2342,United States
2343,United States
2344,United States
2345,United States
2346,United States
2347,United States
2348,United States
2349,United States
2350,United States
2351,United States
2352,United States
2353,United States
2354,United States
2355,United States
2356,United States
2357,United States
2358,United States
2359,United States
2360,United States
2361,United States
2362,United States
2363,United States
2364,United States
2365,United States
2366,United States
2367,United States
2368,United States
2369,United States
2370,United States
2371,United States
2372,United States
2373,United States
2374,United States
2375,United States
2376,United States
2377,United States
2378,United States
2379,United States
2380,United States
2381,United States
2382,United States
2383,United States
2384,United States
2385,United States
2386,United States
2387,United States
2388,United States
2389,United States
2390,United States
2391,United States
2392,United States
2393,United States
2394,United States
2395,United States
2396,United States
2397,United States
2398,United States
2399,United States
2400,United States
2401,United States
2402,United States
2403,United States
2404,United States
2405,United States
2406,United States
2407,United States
2408,United States
2409,United States
2410,United States
2411,United States
2412,United States
2413,United States
2414,United States
2415,United States
2416,United States
2417,United States
2418,United States
2419,United States
2420,United States
2421,United States
2422,United States
2423,United States
2424,United States
2425,United States
2426,United States
2427,United States
2428,United States
2429,United States
2430,United States
2431,United States
2432,United States
2433,United States
2434,United States
2435,United States
2436,United States
2437,United States
2438,United States
2439,United States
2440,United States
2441,United States
2442,United States
2443,United States
2444,United States
2445,United States
2446,United States
2447,United States
2448,United States
2449,United States
2450,United States
2451,United States
2452,United States
2453,United States
2454,United States
2455,United States
2456,United States
2457,United States
2458,United States
2459,United States
2460,United States
2461,United States
2462,United States
2463,United States
2464,United States
2465,United States
2466,United States
2467,United States
2468,United States
2469,United States
2470,United States
2471,United States
2472,United States
2473,United States
2474,United States
2475,United States
2476,United States
2477,United States
2478,United States
2479,United States
2480,United States
2481,United States
2482,United States
2483,United States
2484,United States
2485,United States
2486,United States
2487,United States
2488,United States
2489,United States
2490,United States
2491,United States
2492,United States
2493,United States
2494,United States
2495,United States
2496,United States
2497,United States
2498,United States
2499,United States
2500,United States
2501,United States
2502,United States
2503,United States
2504,United States
2505,United States
2506,United States
2507,United States
2508,United States
2509,United States
2510,United States
2511,United States
2512,United States
2513,United States
2514,United States
2515,United States
2516,United States
2517,United States
2518,United States
2519,United States
2520,United States
2521,United States
2522,United States
2523,United States
2524,United States
2525,United States
2526,United States
2527,United States
2528,United States
2529,United States
2530,United States
2531,United States
2532,United States
2533,United States
2534,United States
2535,United States
2536,United States
2537,United States
2538,United States
2539,United States
2540,United States
2541,United States
2542,United States
2543,United States
2544,United States
2545,United States
2546,United States
2547,United States
2548,United States
2549,United States
2550,United States
2551,United States
2552,United States
2553,United States
2554,United States
2555,United States
2556,United States
2557,United States
2558,United States
2559,United States
2560,United States
2561,United States
2562,United States
2563,United States
2564,United States
2565,United States
2566,United States
2567,United States
2568,United States
2569,United States
2570,United States
2571,United States
2572,United States
2573,United States
2574,United States
2575,United States
2576,United States
2577,United States
2578,United States
2579,United States
2580,United States
2581,United States
2582,United States
2583,United States
2584,United States
2585,United States
2586,United States
2587,United States
2588,United States
2589,United States
2590,United States
2591,United States
2592,United States
2593,United States
2594,United States
2595,United States
2596,United States
2597,United States
2598,United States
2599,United States
2600,United States
2601,United States
2602,United States
2603,United States
2604,United States
2605,United States
2606,United States
2607,United States
2608,United States
2609,United States
2610,United States
2611,United States
2612,United States
2613,United States
2614,United States
2615,United States
2616,United States
2617,United States
2618,United States
2619,United States
2620,United States
2621,United States
2622,United States
2623,United States
2624,United States
2625,United States
2626,United States
2627,United States
2628,United States
2629,United States
2630,United States
2631,United States
2632,United States
2633,United States
2634,United States
2635,United States
2636,United States
2637,United States
2638,United States
2639,United States
2640,United States
2641,United States
2642,United States
2643,United States
2644,United States
2645,United States
2646,United States
2647,United States
2648,United States
2649,United States
2650,United States
2651,United States
2652,United States
2653,United States
2654,United States
2655,United States
2656,United States
2657,United States
2658,United States
2659,United States
2660,United States
2661,United States
2662,United States
2663,United States
2664,United States
2665,United States
2666,United States
2667,United States
2668,United States
2669,United States
2670,United States
2671,United States
2672,United States
2673,United States
2674,United States
2675,United States
2676,United States
2677,United States
2678,United States
2679,United States
2680,United States
2681,United States
2682,United States
2683,United States
2684,United States
2685,United States
2686,United States
2687,United States
2688,United States
2689,United States
2690,United States
2691,United States
2692,United States
2693,United States
2694,United States
2695,United States
2696,United States
2697,United States
2698,United States
2699,United States
2700,United States
2701,United States
2702,United States
2703,United States
2704,United States
2705,United States
2706,United States
2707,United States
2708,United States
2709,United States
2710,United States
2711,United States
2712,United States
2713,United States
2714,United States
2715,United States
2716,United States
2717,United States
2718,United States
2719,United States
2720,United States
2721,United States
2722,United States
2723,United States
2724,United States
2725,United States
2726,United States
2727,United States
2728,United States
2729,United States
2730,United States
2731,United States
2732,United States
2733,United States
2734,United States
2735,United States
2736,United States
2737,United States
2738,United States
2739,United States
2740,United States
2741,United States
2742,United States
2743,United States
2744,United States
2745,United States
2746,United States
2747,United States
2748,United States
2749,United States
2750,United States
2751,United States
2752,United States
2753,United States
2754,United States
2755,United States
2756,United States
2757,United States
2758,United States
2759,United States
2760,United States
2761,United States
2762,United States
2763,United States
2764,United States
2765,United States
2766,United States
2767,United States
2768,United States
2769,United States
2770,United States
2771,United States
2772,United States
2773,United States
2774,United States
2775,United States
2776,United States
2777,United States
2778,United States
2779,United States
2780,United States
2781,United States
2782,United States
2783,United States
2784,United States
2785,United States
2786,United States
2787,United States
2788,United States
2789,United States
2790,United States
2791,United States
2792,United States
2793,United States
2794,United States
2795,United States
2796,United States
2797,United States
2798,United States
2799,United States
2800,United States
2801,United States
2802,United States
2803,United States
2804,United States
2805,United States
2806,United States
2807,United States
2808,United States
2809,United States
2810,United States
2811,United States
2812,United States
2813,United States
2814,United States
2815,United States
2816,United States
2817,United States
2818,United States
2819,United States
2820,United States
2821,United States
2822,United States
2823,United States
2824,United States
2825,United States
2826,United States
2827,United States
2828,United States
2829,United States
2830,United States
2831,United States
2832,United States
2833,United States
2834,United States
2835,United States
2836,United States
2837,United States
2838,United States
2839,United States
2840,United States
2841,United States
2842,United States
2843,United States
2844,United States
2845,United States
2846,United States
2847,United States
2848,United States
2849,United States
2850,United States
2851,United States
2852,United States
2853,United States
2854,United States
2855,United States
2856,United States
